title,postedon,lastmodified,link
FC-9277 Plane Train Tunnel West Extension Phase 1- Progressive Design Build,2017-01-24T20:10:00Z,2017-01-24T20:10:00Z,http://procurement.atlantaga.gov/fc-9277-plane-train-tunnel-west-extension-phase-1-progressive-design-build/
9514-MT Granite Curbing,2017-01-23T16:20:00Z,2017-01-24T16:21:00Z,http://procurement.atlantaga.gov/9514-mt-granite-curbing/
FC-9284 Citywide Managing General Contractor Services,2017-01-04T22:24:00Z,2017-01-18T20:04:00Z,http://procurement.atlantaga.gov/fc-9284-citywide-managing-general-contractor-services/
FC-9456 Milling and Paving Resurfacing Projects (Group 1),2016-12-30T19:34:00Z,2017-01-13T16:13:00Z,http://procurement.atlantaga.gov/fc-9456-milling-and-paving-resurfacing-projects-group-1/
"FC-9215 Annual Contract for Dewatering, Hauling and Disposal",2016-12-30T13:45:00Z,2017-01-11T16:43:00Z,http://procurement.atlantaga.gov/fc-9215-annual-contract-for-dewatering-hauling-and-disposal/
FC-9445 Construction Manager at Risk for the Upper Proctor Creek Capacity Relief Project- Rodney Cook Senior Park at Historic Vine City,2016-12-27T23:20:00Z,2017-01-26T13:59:00Z,http://procurement.atlantaga.gov/fc-9445-construction-manager-at-risk-for-the-upper-proctor-creek-capacity-relief-project-rodney-cook-senior-park-at-historic-vine-city/
FC-9384 Peachtree Creek Trunk Stabilization Project,2016-12-16T21:01:00Z,2017-01-19T21:13:00Z,http://procurement.atlantaga.gov/fc-9384-peachtree-creek-trunk-stabilization-project/
FC-9403 Street Resurfacing and Associated Street Maintenance Activities – Group A,2016-12-14T17:38:00Z,2017-01-24T15:28:00Z,http://procurement.atlantaga.gov/fc-9403-street-resurfacing-and-associated-street-maintenance-activities-group-a/
FC-9214 Council District 12 Neighborhood Blueprint.,2016-12-13T22:49:00Z,2017-01-25T20:36:00Z,http://procurement.atlantaga.gov/fc-9214-council-district-12-neighborhood-blueprint/
FC-9381 On-Call Engineering Survey Services at HJAIA,2016-12-13T21:46:00Z,2017-01-13T19:09:00Z,http://procurement.atlantaga.gov/fc-9381-on-call-engineering-survey-services-at-hjaia/
"FC-9418, Central Passenger Terminal Survey Services at HJAIA",2016-12-09T18:26:00Z,2017-01-19T19:26:00Z,http://procurement.atlantaga.gov/fc-9418-central-passenger-terminal-survey-services-at-hjaia/
9386-WS Roadway Deicing Fluid and Antifreeze,2016-12-02T22:02:00Z,2016-12-02T22:02:00Z,http://procurement.atlantaga.gov/9386-ws-roadway-deicing-fluid-and-antifreeze/
FC-8913 Central Passenger Terminal Complex Concourse T North Extension at HJAIA,2016-12-01T21:48:00Z,2017-01-12T21:56:00Z,http://procurement.atlantaga.gov/fc-8913-central-passenger-terminal-complex-concourse-t-north-extension-at-hjaia/
"FC-9216, Sewer Group Three Rehabilitation Contract B",2016-12-01T19:52:00Z,2017-01-11T20:06:00Z,http://procurement.atlantaga.gov/fc-9216-sewer-group-three-rehabilitation-contract-b/
"9364-WS-A2, Smart Lighting Components Parts and Services",2016-11-23T16:38:00Z,2016-12-14T21:51:00Z,http://procurement.atlantaga.gov/9364-ws-smart-lighting-components-parts-and-services/
9388-MT Sheeting Materials and Process Inks,2016-11-22T17:39:00Z,2016-11-22T17:39:00Z,http://procurement.atlantaga.gov/9388-mt-sheeting-materials-and-process-inks/
FC-9205 Commercial Food and Beverage Retail Space at Atlanta City Plaza Suite A and Suite C,2016-11-21T23:14:00Z,2017-01-10T15:52:00Z,http://procurement.atlantaga.gov/fc-9205-commercial-food-and-beverage-retail-space-at-atlanta-city-plaza-suite-a-and-suite-c/
FC-9290 Ethics Electronic Filing System (E-File 3.0),2016-11-21T21:39:00Z,2017-01-11T14:49:00Z,http://procurement.atlantaga.gov/fc-9290-ethics-electronic-filing-system-e-file-3-0/
FC-9273 Design for the Martin Luther King Jr. Bridge,2016-11-21T21:18:00Z,2017-01-18T19:47:00Z,http://procurement.atlantaga.gov/fc-9273-design-for-the-martin-luther-king-jr-bridge/
FC-9353 Web Design and On-Call Marketing Services for the Atlanta Streetcar,2016-11-18T18:21:00Z,2017-01-11T19:52:00Z,http://procurement.atlantaga.gov/fc-9353-web-design-and-on-call-marketing-services-for-the-atlanta-streetcar/
FC-9027 Network News Broadcast Systems at Hartsfield-Jackson Atlanta International Airport,2016-11-09T21:37:00Z,2017-01-18T22:09:00Z,http://procurement.atlantaga.gov/fc-9027-network-news-broadcast-systems-at-hartsfield-jackson-atlanta-international-airport/
FC-9295 Safety Management Systems (SMS) at HJAIA,2016-11-07T20:57:00Z,2016-12-13T20:52:00Z,http://procurement.atlantaga.gov/fc-9295-safety-management-systems-sms-at-hjaia/
"9312-PL Inmate Uniforms, Supplies, and Accessories",2016-11-03T21:30:00Z,2016-12-09T21:09:00Z,http://procurement.atlantaga.gov/9312-pl-inmate-uniforms-supplies-and-accessories/
9376-ES Kid-Safe Playground Surfacing Material,2016-11-03T21:14:00Z,2016-11-04T17:03:00Z,http://procurement.atlantaga.gov/9376-es-kid-safe-playground-surfacing-material/
FC-9303 Electronic Document Management Solution at H-JAIA,2016-11-02T21:44:00Z,2016-12-02T16:39:00Z,http://procurement.atlantaga.gov/fc-9303-electronic-document-management-solution-at-h-jaia/
9325-WS Aircraft Rescue Fire Fighting (ARFF) Vehicle,2016-10-31T18:25:00Z,2016-12-07T20:14:00Z,http://procurement.atlantaga.gov/9325-ws-aircraft-rescue-fire-fighting-arff-vehicle/
FC-9351 Operations and Maintenance of the Atlanta Streetcar System,2016-10-28T21:44:00Z,2016-12-05T19:10:00Z,http://procurement.atlantaga.gov/fc-9351-operations-and-maintenance-of-the-atlanta-streetcar-system/
9297-ES The Purchase of Horse Supplies for the Atlanta Police Department Mounted Patrol Unit,2016-10-27T21:45:00Z,2016-10-31T13:51:00Z,http://procurement.atlantaga.gov/9297-es-the-purchase-of-horse-supplies-for-the-atlanta-police-department-mounted-patrol-unit/
FC-9334 Business License and Cashier Management System,2016-10-27T21:29:00Z,2016-11-21T20:16:00Z,http://procurement.atlantaga.gov/fc-9344-business-license-and-cashier-management-system/
9313-PL Various Sands,2016-10-27T20:40:00Z,2016-10-28T14:36:00Z,http://procurement.atlantaga.gov/9313-pl-various-sands/
FC-9320 SmartATL Dark Fiber,2016-10-27T20:24:00Z,2016-12-22T19:57:00Z,http://procurement.atlantaga.gov/fc-9320-smartatl-dark-fiber/
FC-9319 SmartATL Wireless,2016-10-27T20:18:00Z,2016-12-22T20:02:00Z,http://procurement.atlantaga.gov/fc-9319-smartatl-wireless/
FC-9318 Smart City Funding,2016-10-27T20:09:00Z,2016-12-22T20:01:00Z,http://procurement.atlantaga.gov/fc-9318-smart-city-funding/
FC-9310 Citywide Wrecker Services Over and Under 10k Pounds,2016-10-26T22:07:00Z,2016-12-13T21:03:00Z,http://procurement.atlantaga.gov/fc-9310-citywide-wrecker-services-over-and-under-10k-pounds/
FC-9252 Concessions Promotional Support Services,2016-10-24T21:54:00Z,2016-12-13T20:50:00Z,http://procurement.atlantaga.gov/fc-9252-concessions-promotional-services/
FC-9338 Autonomous Vehicle Demonstration,2016-10-21T19:58:00Z,2016-12-02T19:02:00Z,http://procurement.atlantaga.gov/fc-9338-autonomous-vehicle-demonstration/
9147-PL Work Uniforms for the Department of Parks and Recreation,2016-10-14T13:45:00Z,2016-10-26T19:55:00Z,http://procurement.atlantaga.gov/9147-pl-work-uniforms-for-the-department-of-parks-and-recreation/
FC-9254 Design-Build Grant Park Parking Garage,2016-10-07T21:37:00Z,2016-12-14T20:22:00Z,http://procurement.atlantaga.gov/fc-9254-design-build-grant-park-parking-garage/
9256-ES Child Car Seats for the City of Atlanta Department of Fire,2016-10-07T21:08:00Z,2016-10-24T13:35:00Z,http://procurement.atlantaga.gov/9256-es-child-car-seats-for-the-city-of-atlanta-department-of-fire/
9274-ES KID-SAFE PLAYGROUND SURFACING MATERIAL,2016-10-07T21:04:00Z,2016-10-24T13:34:00Z,http://procurement.atlantaga.gov/9274-es-kid-safe-playground-surfacing-material/
FC-8900 Federal Lobbying Government Services,2016-10-07T20:58:00Z,2016-10-28T19:09:00Z,http://procurement.atlantaga.gov/fc-8900-federal-lobbying-government-services/
FC-9275 City of Atlanta Wellness Center on Behalf of DHR,2016-10-04T22:21:00Z,2016-11-02T19:52:00Z,http://procurement.atlantaga.gov/fc-9275-city-of-atlanta-wellness-center-on-behalf-of-dhr/
FC-9066 Taxicab Kitchen,2016-09-26T22:12:00Z,2017-01-18T20:06:00Z,http://procurement.atlantaga.gov/fc-9066-taxicab-kitchen/
FC-9224 IT Service Management Project,2016-09-23T22:14:00Z,2016-11-22T19:54:00Z,http://procurement.atlantaga.gov/fc-9224-it-service-management-project/
9206-ES The Purchase of Horse Supplies for the Atlanta Police Department Mounting Patrol of Unit,2016-09-23T14:37:00Z,2016-10-24T13:34:00Z,http://procurement.atlantaga.gov/9206-es-the-purchase-of-horse-supplies-for-the-atlanta-police-department-mounting-patrol-of-unit/
FC-9231 Green Acres ATL Energy Park,2016-09-20T00:35:00Z,2016-12-20T20:54:00Z,http://procurement.atlantaga.gov/fc-9231-green-acres-atl-energy-park/
FC-9188 Atlanta City Hall Green Roof Renovation,2016-09-16T22:17:00Z,2016-10-19T20:37:00Z,http://procurement.atlantaga.gov/fc-9188-atlanta-city-hall-green-roof-renovation/
FC-9201 Clear Creek West Sewer Improvement Project,2016-09-15T21:53:00Z,2016-11-10T21:38:00Z,http://procurement.atlantaga.gov/fc-9201-clear-creek-west-sewer-improvement-project/
FC-9187 Annual Green Infrastructure and Landscape Services Contract,2016-09-15T14:45:00Z,2016-10-13T21:33:00Z,http://procurement.atlantaga.gov/fc-9187-annual-green-infrastructure-and-landscape-services-contract/
"FC-9165 Facilities, Asset Management and Sustainability On-Call Airport Services at Hartsfield-Jackson International Airport",2016-09-12T20:39:00Z,2016-11-02T21:10:00Z,http://procurement.atlantaga.gov/fc-9165-cigar-shops-at-hartsfield-jackson-atlanta-international-airport/
FC-9109 Cigar Shops at Hartsfield-Jackson Atlanta International Airport,2016-09-09T22:04:00Z,2016-12-08T19:27:00Z,http://procurement.atlantaga.gov/fc-9109-cigar-shops-at-hartsfield-jackson-atlanta-international-airport/
FC-9172 Citywide Wrecker Services Over and Under 10k Pounds,2016-09-09T22:00:00Z,2016-10-24T13:33:00Z,http://procurement.atlantaga.gov/fc-9172-citywide-wrecker-services-over-and-under-10k-pounds/
FC-9120 Annual Contract for Instrumentation and Controls Services,2016-09-08T22:18:00Z,2016-10-24T13:33:00Z,http://procurement.atlantaga.gov/fc-9120-annual-contract-for-instrumentation-and-controls-services/
AATC ITB 2016-005 CPTC Low Voltage Electrical Distribution As-Built Project,2016-09-02T18:25:00Z,2016-09-02T18:25:00Z,http://procurement.atlantaga.gov/aatc-itb-2016-005-cptc-low-voltage-electrical-distribution-as-built-project/
9148-PL Information Technology Hardware & Software Supplies,2016-09-01T21:53:00Z,2016-09-29T21:42:00Z,http://procurement.atlantaga.gov/9148-pl-information-technology-hardware-software-supplies/
9204-PL Construction Equipment for Inspectors and Geotechnical Work,2016-09-01T21:45:00Z,2016-09-08T20:52:00Z,http://procurement.atlantaga.gov/9204-pl-construction-equipment-for-inspectors-and-geotechnical-work/
9203-PL Various Sands,2016-09-01T21:04:00Z,2016-12-12T16:59:00Z,http://procurement.atlantaga.gov/9203-pl-various-sands/
FC-8933 Airside Erosion Repair and Grassing @H-JAIA,2016-08-31T21:54:00Z,2016-10-26T18:03:00Z,http://procurement.atlantaga.gov/fc-8933-airside-erosion-repair-and-grassing-hjaia/
FC-9142 Cargo Expansion Site Preparation,2016-08-31T21:00:00Z,2016-11-02T21:09:00Z,http://procurement.atlantaga.gov/fc-9142-cargo-expansion-site-preparation/
FC-9121 2016 Economic Impact Study,2016-08-30T19:48:00Z,2017-01-25T17:17:00Z,http://procurement.atlantaga.gov/fc-9121-2016-economic-impact-study/
FC-8893 Hartsfield-Jackson Manifold Improvements Project,2016-08-29T19:31:00Z,2016-10-14T20:17:00Z,http://procurement.atlantaga.gov/fc-8893-hartsfield-jackson-manifold-improvements-project/
FC-9139 Emergency On-Call Repair and Maintenance for Atlanta Streetcar Track System,2016-08-29T19:04:00Z,2016-11-30T14:13:00Z,http://procurement.atlantaga.gov/fc-9139-emergency-on-call-repair-and-maintenance-for-atlanta-streetcar-track-system/
AATC ITB2016-002 Concourse C South Modernization Project,2016-08-24T20:37:00Z,2016-10-07T20:46:00Z,http://procurement.atlantaga.gov/aatc-itb2016-002-concourse-c-south-modernization-project/
FC-9177 Midtown Traffic Operations Program (MTOP),2016-08-23T21:57:00Z,2016-09-08T20:54:00Z,http://procurement.atlantaga.gov/fc-9177-midtown-traffic-operations-program-mtop/
FC-9094 Landside Erosion Repair & Grassing @HJAIA,2016-08-19T15:26:00Z,2016-10-26T18:05:00Z,http://procurement.atlantaga.gov/fc-9094-landside-erosion-repair-grassing-hjaia/
9149-PL Work Uniforms for the Department of Planning and Community Development,2016-08-18T21:18:00Z,2016-09-08T20:54:00Z,http://procurement.atlantaga.gov/9149-pl-work-uniforms-for-the-department-of-planning-and-community-development/
9155-ES Electronic Scrap Disposal,2016-08-18T15:41:00Z,2016-09-08T20:54:00Z,http://procurement.atlantaga.gov/9155-es-electronic-scrap-disposal/
FC-9140 Central Passenger Terminal Survey Services @ HJAIA,2016-08-11T16:54:00Z,2016-12-09T18:22:00Z,http://procurement.atlantaga.gov/fc-9140-central-passenger-terminal-survey-services-hjaia/
FC-9036 Noise Insulation Program Design Services @HJAIA,2016-08-08T18:28:00Z,2016-09-14T19:06:00Z,http://procurement.atlantaga.gov/fc-9036-noise-insulation-program-design-services-hjaia/
FC-9013 Cost Allocation Services,2016-08-05T21:47:00Z,2016-10-07T14:29:00Z,http://procurement.atlantaga.gov/fc-9013-cost-allocation-services/
9141-ES The Purchase of Horse Supplies for the City of Atlanta Police Department Mounted Patrol Unit,2016-08-05T21:34:00Z,2016-09-08T20:55:00Z,http://procurement.atlantaga.gov/9141-es-the-purchase-of-horse-supplies-for-the-city-of-atlanta-police-department-mounted-patrol-unit/
9135-PL CONSTRUCTION EQUIPMENT FOR INSPECTORS AND GEOTECHNICAL WORK FOR THE DEPARTMENT OF PUBLIC WORKS,2016-08-05T15:16:00Z,2016-09-08T20:55:00Z,http://procurement.atlantaga.gov/9135-pl-construction-equipment-for-inspectors-and-geotechnical-work-for-the-department-of-public-works/
FC-8899 State Lobbying Government Services,2016-08-01T23:06:00Z,2016-10-07T14:50:00Z,http://procurement.atlantaga.gov/fc-8899-state-lobbying-government-services/
FC-9028 Electronic Document Management Solution @HJAIA,2016-07-29T20:57:00Z,2016-10-11T16:00:00Z,http://procurement.atlantaga.gov/fc-9028-electronic-document-management-solution-hjaia/
FC-9112 External Financial Audit Services,2016-07-29T16:53:00Z,2016-09-08T20:56:00Z,http://procurement.atlantaga.gov/fc-9112-external-financial-audit-services/
9072-AP Support Vehicle for the Atlanta Streetcar,2016-07-21T21:21:00Z,2016-07-25T19:21:00Z,http://procurement.atlantaga.gov/9072-ap-support-vehicle-for-the-atlanta-streetcar/
"9095-PL Maintenance, Service, and Support for the Mobile Photometry Control Device for DOA",2016-07-21T21:19:00Z,2016-07-25T13:32:00Z,http://procurement.atlantaga.gov/9095-pl-maintenance-service-and-support-for-the-mobile-photometry-control-device-for-doa/
9113-PL Waterproof Outer Garments and Footwear General Purpose Boots,2016-07-21T19:46:00Z,2016-07-25T13:32:00Z,http://procurement.atlantaga.gov/9113-pl-waterproof-outer-garments-and-footwear-general-purpose-boots/
FC-9038 Shoe Shine Services Package #2 @ HJAIA,2016-07-20T22:21:00Z,2016-10-14T22:32:00Z,http://procurement.atlantaga.gov/fc-9038-shoe-shine-services-package-2-hjaia/
FC- 9026 Shoe Shine Services Package #1 @ HJAIA,2016-07-20T22:08:00Z,2016-10-14T22:32:00Z,http://procurement.atlantaga.gov/fc-9026-shoe-shine-services-package-1-hjaia/
FC-9087 Management Lease for the City of Atlanta Golf Courses,2016-07-18T22:43:00Z,2016-09-14T19:18:00Z,http://procurement.atlantaga.gov/fc-9087-management-lease-for-the-city-of-atlanta-golf-courses/
FC-9098 Comprehensive Transportation Plan Update,2016-07-13T21:33:00Z,2016-07-28T20:32:00Z,http://procurement.atlantaga.gov/fc-9098-comprehensive-transportation-plan-update/
FC-9060 Ramp 3 & 1 North Pavement Replacement Project @ HJAIA,2016-07-12T19:03:00Z,2016-08-31T19:24:00Z,http://procurement.atlantaga.gov/fc-9060-ramp-3-1-north-pavement-replacement-project-hjaia/
FC-8837 Atlanta Streetcar Safety and Security Consulting Services,2016-07-08T21:25:00Z,2016-09-08T12:46:00Z,http://procurement.atlantaga.gov/fc-8837-atlanta-streetcar-safety-and-security-consulting-services/
FC-9006 Midtown Traffic Operations Program (MTOP),2016-06-30T23:07:00Z,2016-08-23T16:05:00Z,http://procurement.atlantaga.gov/fc-9006-midtown-traffic-operations-program-mtop/
FC-8971 Airport Contract Security  Services at H-JAIA,2016-06-30T21:35:00Z,2016-09-14T19:18:00Z,http://procurement.atlantaga.gov/fc-8971-airport-contract-security-services-at-hjaia/
FC-8927 Airfield Markings (On-Call Contractor) at Hartsfield-Jackson Atlanta International Airport,2016-06-28T21:38:00Z,2016-10-11T16:00:00Z,http://procurement.atlantaga.gov/fc-8927-airfield-markings-on-call-contractor-at-hartsfield-jackson-atlanta-international-airport/
"9009-MT Digester Gas Cleaning System Parts, Repairs and Ancillary Services",2016-06-23T16:52:00Z,2016-10-21T15:59:00Z,http://procurement.atlantaga.gov/9009-mt-digester-gas-cleaning-system-parts-repairs-and-ancillary-services/
"9008-MT Multi-Hearth Incinerator Parts, Repair and Ancillary Services",2016-06-23T16:17:00Z,2016-07-25T13:33:00Z,http://procurement.atlantaga.gov/9008-mt-multi-hearth-incinerator-parts-repair-and-ancillary-services/
FC-9001 Fire Station 40,2016-06-20T22:07:00Z,2016-08-26T20:14:00Z,http://procurement.atlantaga.gov/fc-9001-fire-station-40/
FC-8962 On-Call Engineering Survey Services,2016-06-20T21:51:00Z,2016-10-31T20:58:00Z,http://procurement.atlantaga.gov/fc-8962-on-call-engineering-survey-services/
FC-9034 On-Street Parking Management Program Services,2016-06-20T20:12:00Z,2016-08-17T19:12:00Z,http://procurement.atlantaga.gov/fc-9034-on-street-parking-management-program/
FC-8919 Annual Contract for Security Guard Service,2016-06-17T22:13:00Z,2016-07-18T21:11:00Z,http://procurement.atlantaga.gov/fc-8919-annual-contract-for-security-guard-service/
FC-8875 Urban Ecology Framework,2016-06-17T19:21:00Z,2016-07-25T22:22:00Z,http://procurement.atlantaga.gov/fc-8875-urban-ecology-framework/
AATC 2016-004 Concourse C Roof Replacement,2016-06-17T14:54:00Z,2016-07-27T19:02:00Z,http://procurement.atlantaga.gov/aatc-2016-004-concourse-c-roof-replacement/
FC-8934 Flight Tracking System @HJAIA,2016-06-16T22:25:00Z,2016-07-27T20:16:00Z,http://procurement.atlantaga.gov/fc-8934-flight-tracking-system-hjaia/
8921-PL Waterproof Outer Garments and Footwear (General Purpose Boots),2016-06-16T21:32:00Z,2016-06-16T21:32:00Z,http://procurement.atlantaga.gov/8921-pl-waterproof-outer-garments-and-footwear-general-purpose-boots/
8984-PL Various Sands,2016-06-16T21:25:00Z,2016-06-16T21:25:00Z,http://procurement.atlantaga.gov/8984-pl-various-sands/
"9007-MT APG-Nerous Blower Parts, and Ancillary Services",2016-06-16T21:19:00Z,2016-11-30T14:50:00Z,http://procurement.atlantaga.gov/9007-mt-apg-nerous-blower-parts-and-ancillary-services/
9040-JL Request for Lease Proposal,2016-06-16T15:41:00Z,2016-11-08T13:25:00Z,http://procurement.atlantaga.gov/9040-jl-request-for-lease-proposal/
FC- 9000 Planning Support Services at Hartsfield-Jackson Atlanta International Airport,2016-06-15T21:02:00Z,2016-07-27T20:15:00Z,http://procurement.atlantaga.gov/fc-planning-support-services-at-hartsfield-jackson-atlanta-international-airport/
New South/McCarthy CPTC Landside Modernization-Group 3,2016-06-14T13:59:00Z,2016-06-17T22:15:00Z,http://procurement.atlantaga.gov/new-southmccarthy-cptc-landside-modernization-group-3/
FC-8959 INTERNATIONAL ORGANIZATION FOR STANDARDS (ISO) 50001 ENERGY MANAGEMENT SYSTEM AUDIT SERVICES AT HARTSFIELD-JACKSON ATLANTA INTERNATIONAL AIRPORT,2016-06-13T17:29:00Z,2016-07-27T19:01:00Z,http://procurement.atlantaga.gov/fc-fc-8959-international-organization-for-standards-iso-50001-energy-management-system-audit-services-at-hartsfield-jackson-atlanta-international-airport/
FC-8829 Operations and Maintenance of the Atlanta Streetcar System,2016-06-10T23:09:00Z,2016-09-25T21:05:00Z,http://procurement.atlantaga.gov/fc-8829-operations-and-maintenance-of-the-atlanta-streetcar-system/
8940-PL Safety Shoes,2016-06-09T19:41:00Z,2016-06-09T19:41:00Z,http://procurement.atlantaga.gov/8940-pl-safety-shoes/
"8937-PL, The Target Systems for the Firing Range for the Atlanta Police Department",2016-06-09T16:36:00Z,2016-06-09T16:36:00Z,http://procurement.atlantaga.gov/8937-pl-the-target-systems-for-the-firing-range-for-the-atlanta-police-department/
FC-8905 ON-CALL BODY REPAIRS AND PAINTING FOR ATLANTA STREETCAR RAIL VEHICLES,2016-06-03T19:04:00Z,2016-09-07T13:41:00Z,http://procurement.atlantaga.gov/fc-8905-on-call-body-repairs-and-painting-for-atlanta-streetcar-rail-vehicles/
Atlanta Streetcar – Industry Day,2016-06-02T21:46:00Z,2016-06-09T15:45:00Z,http://procurement.atlantaga.gov/atlanta-streetcar-industry-day/
"8965-AP CNG and Diesel Front, Side and Rear Loader Refuse Trucks",2016-05-26T21:20:00Z,2016-06-06T20:47:00Z,http://procurement.atlantaga.gov/8956-ap-cng-and-diesel-front-side-and-rear-loader-refuse-trucks/
"FC-8713 Utoy Creek Water Reclamation Center Various Projects, Group 1- Aeration Tank A&B Cleaning",2016-05-25T20:02:00Z,2016-08-03T21:49:00Z,http://procurement.atlantaga.gov/fc-8713-utoy-creek-water-reclamation-center-various-projects-group-1-aeration-tank-ab-cleaning/
FC-8932 Permanent Solution to Sewer Force Main Break,2016-05-23T20:04:00Z,2016-10-11T15:59:00Z,http://procurement.atlantaga.gov/fc-8932-permanent-solution-to-sewer-force-main-break/
FC-8827 Financial Revenue Collection Services,2016-05-20T22:18:00Z,2016-09-08T20:00:00Z,http://procurement.atlantaga.gov/fc-8827-financial-revenue-collection-services-2/
FC-8924 Workers’ Compensation Third Party Administration,2016-05-20T22:12:00Z,2016-07-15T19:20:00Z,http://procurement.atlantaga.gov/fc-8924-workers-compensation-third-party-administration-2/
"8939-PL, Maintenance, Services , and Support fot the Mobile Photometry Control Devices for the Department of Aviation",2016-05-20T22:01:00Z,2016-05-20T22:01:00Z,http://procurement.atlantaga.gov/8939-pl-maintenance-services-and-support-fot-the-mobile-photometry-control-devices-for-the-department-of-aviation/
"8938-PL, Kleenguard Ultra Protective Coveralls",2016-05-20T21:54:00Z,2016-05-20T21:54:00Z,http://procurement.atlantaga.gov/8938-pl-kleenguard-ultra-protective-coveralls/
8941-PL Fiber Optic Cable for the City of Atlanta Traffic Communication Corridors,2016-05-19T21:50:00Z,2016-05-23T13:42:00Z,http://procurement.atlantaga.gov/8941-pl-fiber-optic-cable-for-the-city-of-atlanta-traffic-communication-corridors/
"FC-8953, IT Service Management Project",2016-05-18T21:41:00Z,2016-09-23T15:43:00Z,http://procurement.atlantaga.gov/fc-8953-it-service-management-project/
"8909-MT Digester Gas Cleaning System Parts, Repairs and Ancillary Services",2016-05-13T15:01:00Z,2016-05-13T17:04:00Z,http://procurement.atlantaga.gov/8909-mt-digester-gas-cleaning-system-parts-repairs-and-ancillary-services/
8907-ES Repair and Maintenance of Electrically Operated Roll-Up Doors,2016-05-13T14:43:00Z,2016-06-03T21:47:00Z,http://procurement.atlantaga.gov/8907-es-repair-and-maintenance-of-electrically-operated-roll-up-doors/
8920-PL VARIOUS GASES,2016-05-12T22:04:00Z,2016-05-13T17:03:00Z,http://procurement.atlantaga.gov/8920-pl-various-gases/
New South/McCarthy CPTC Landside Modernization-Group 2,2016-05-12T20:48:00Z,2016-06-17T22:13:00Z,http://procurement.atlantaga.gov/new-southmccarthy-cptc-landside-modernization-group-2/
AATC 2016-003 PBB Replacement Installation Project ITB,2016-05-11T16:46:00Z,2016-05-11T16:46:00Z,http://procurement.atlantaga.gov/aatc-2016-003-pbb-replacement-installation-project-itb/
FC-8791 Qualified Environmental Professional (“QEP”) for the Brownfield Revolving Loan Fund Program,2016-05-09T21:24:00Z,2016-06-09T19:36:00Z,http://procurement.atlantaga.gov/fc-8791-qualified-environmental-professional-qep-for-the-brownfield-revolving-loan-fund-program/
FC-8917 Program Management Services,2016-05-06T18:01:00Z,2016-07-14T19:19:00Z,http://procurement.atlantaga.gov/fc-8917-program-management-services/
FC-8614 PUBLIC TELEPHONES,2016-05-04T22:12:00Z,2016-07-18T16:45:00Z,http://procurement.atlantaga.gov/fc-8614-public-telephones/
FC-8705 Automotive Body and Frame Repair,2016-05-03T03:39:00Z,2016-10-14T20:47:00Z,http://procurement.atlantaga.gov/fc-8705-automotive-body-and-frame-repair/
New South/McCarthy CPTC Landside Modernization-Group 1,2016-05-02T21:12:00Z,2016-05-31T19:18:00Z,http://procurement.atlantaga.gov/new-southmccarthy-cptc-landside-modernization/
"FC-8790, Peachtree Street (Downtown Atlanta) Urban Design Plan",2016-04-29T21:49:00Z,2016-08-17T16:35:00Z,http://procurement.atlantaga.gov/fc-8790-peachtree-street-downtown-atlanta-urban-design-plan/
"8906-MT, Multi Hearth Incinerator Parts, Repairs, and Ancillary Services",2016-04-29T17:18:00Z,2016-04-29T17:18:00Z,http://procurement.atlantaga.gov/8906-mt-multi-hearth-incinerator-parts-repairs-and-ancillary-services/
FC-8828 Comprehensive Transportation Plan Update,2016-04-28T21:43:00Z,2016-07-11T15:30:00Z,http://procurement.atlantaga.gov/fc-8828-comprehensive-transportation-plan-update/
8904-PL Electrical Supplies,2016-04-28T21:35:00Z,2016-04-28T21:57:00Z,http://procurement.atlantaga.gov/8904-pl-electrical-supplies/
Skanska/FS-360 Airside Modernization Project,2016-04-27T21:33:00Z,2016-05-06T17:49:00Z,http://procurement.atlantaga.gov/skanskafs-360-airside-modernization-project/
FC-8856 Boone Boulevard  Green Infrastructure & Capacity Relief  Project,2016-04-25T22:54:00Z,2016-06-22T14:30:00Z,http://procurement.atlantaga.gov/fc-8856-boone-boulevard-green-infrastructure-capacity-relief-project/
FC-8832 Urban Forestry 2016,2016-04-22T21:34:00Z,2016-07-27T19:02:00Z,http://procurement.atlantaga.gov/fc-8832-urban-forestry-2016/
FC-8848 Central Passenger Terminal Survey Services,2016-04-21T20:05:00Z,2016-07-20T21:52:00Z,http://procurement.atlantaga.gov/fc-8848-central-passenger-terminal-survey-services/
8866-MT APG-Neuros Blower Parts and Ancillary Service,2016-04-15T21:56:00Z,2016-11-30T14:50:00Z,http://procurement.atlantaga.gov/8866-mt-apg-neuros-blower-parts-and-ancillary-service/
FC-8830 Annual Contract for the Disposal of Municipal Solid Waste,2016-04-11T19:39:00Z,2016-05-17T19:48:00Z,http://procurement.atlantaga.gov/fc-8830-annual-contract-for-the-disposal-of-municipal-solid-waste/
FC-8759 Council  District  Three:  Neighborhood Master Plan,2016-04-08T15:23:00Z,2016-06-27T17:15:00Z,http://procurement.atlantaga.gov/fc-8759-council-district-three-neighborhood-master-plan/
FC-8568 Sewer Cleaning and Pipeline Assessment,2016-04-08T14:35:00Z,2016-05-17T19:44:00Z,http://procurement.atlantaga.gov/fc-8568-sewer-cleaning-and-pipeline-assessment/
FC-8437 RM Clayton WRC-Instrumentation and Controls Reliability Restoration,2016-03-31T00:27:00Z,2016-07-28T18:54:00Z,http://procurement.atlantaga.gov/fc-8437-rm-clayton-wrc-instrumentation-and-controls-reliability-restoration/
FC-8807 Emergency On-Call Repairs & Maintenance for Atlanta Streetcar Overhead Contact System and Traction Power Substations,2016-03-30T20:07:00Z,2016-06-21T19:35:00Z,http://procurement.atlantaga.gov/fc-8807-emergency-on-call-repairs-maintenance-for-atlanta-streetcar-overhead-contact-system-and-traction-power-substations/
"FC-8831 Street Milling, Resurfacing and Associated Activities",2016-03-30T19:28:00Z,2016-09-26T13:47:00Z,http://procurement.atlantaga.gov/fc-8831-street-milling-resurfacing-and-associated-activities/
8859-MT Traffic Control Equipment,2016-03-30T18:26:00Z,2016-04-06T19:54:00Z,http://procurement.atlantaga.gov/8859-mt-traffic-control-equipment/
FC-8854 Summer Food Meals Delivery Services,2016-03-24T22:18:00Z,2016-07-20T21:51:00Z,http://procurement.atlantaga.gov/fc-8854-summer-food-meals-delivery-services/
FC-8806 Large Diameter Waterline Condition Assessment,2016-03-24T21:03:00Z,2016-05-17T19:50:00Z,http://procurement.atlantaga.gov/fc-8806-large-diameter-waterline-condition-assessment/
"FC-8774, PLANNING SUPPORT SERVICES AT HARTSFIELD-JACKSON ATLANTA INTERNATIONAL AIRPORT",2016-03-24T20:59:00Z,2016-05-19T18:32:00Z,http://procurement.atlantaga.gov/fc-8774-planning-support-services-at-hartsfield-jackson-atlanta-international-airport/
8820-AP Various Off-Road Equipment,2016-03-24T17:17:00Z,2016-04-13T16:04:00Z,http://procurement.atlantaga.gov/8820-ap-various-off-road-equipment/
FC-8676 Explosive Detection System (EDS} Recapitalization and Optimization- North Domestic Terminal and South Domestic Terminal at Hartsfield-Jackson Atlanta International Airport,2016-03-22T20:19:00Z,2016-07-18T16:46:00Z,http://procurement.atlantaga.gov/fc-8676-explosive-detection-system-eds-recapitalization-and-optimization-north-domestic-terminal-and-south-domestic-terminal-at-hartsfield-jackson-atlanta-international-airport/
"FC-8556 CSO Various Projects, Group 1, Bid Package No. 1, Clear Creek Chemical System Improvements and System Wide Flow Monitoring",2016-03-21T14:33:00Z,2016-06-22T19:28:00Z,http://procurement.atlantaga.gov/fc-8556-cso-various-projects-group-1-bid-package-no-1-clear-creek-chemical-system-improvements-and-system-wide-flow-monitoring/
FC-8766 Annual Contract for Dewatering Hauling and Disposal Services,2016-03-18T21:24:00Z,2016-08-17T16:39:00Z,http://procurement.atlantaga.gov/fc-8766-annual-contract-for-dewatering-hauling-and-disposal-services/
FC-8762 Branded Sandwich Concession  in RCC at Hartsfield-Jackson  Atlanta International  Airport,2016-03-17T14:05:00Z,2016-06-08T16:12:00Z,http://procurement.atlantaga.gov/fc-8762-branded-sandwich-concession-in-rcc-at-hartsfield-jackson-atlanta-international-airport/
FC-8808 RM Clayton Water Reclamation Center Sand Filter Media Changeout and Refurbishment,2016-03-16T21:52:00Z,2016-06-27T17:19:00Z,http://procurement.atlantaga.gov/fc-8808-rm-clayton-water-reclamation-center-sand-filter-media-changeout-and-refurbishment/
FC-8610 Concourse E Food And Beverage Concessions – Single Store – Package 1 at Hartsfield-Jackson Atlanta International Airport,2016-03-15T14:35:00Z,2016-07-28T16:48:00Z,http://procurement.atlantaga.gov/fc-8610-concourse-e-food-and-beverage-concessions-single-store-package-1-at-hartsfield-jackson-atlanta-international-airport/
FC-8611 Concourse E Food And Beverage Concessions – Single Store – Package 2 at Hartsfield-Jackson Atlanta International Airport,2016-03-15T14:35:00Z,2016-07-28T16:48:00Z,http://procurement.atlantaga.gov/fc-8611-concourse-e-food-and-beverage-concessions-single-store-package-2-at-hartsfield-jackson-atlanta-international-airport/
FC-8612 Concourse E Food and Beverage Concessions – Package 3 at Hartsfield-Jackson Atlanta International Airport,2016-03-15T14:34:00Z,2016-07-28T16:48:00Z,http://procurement.atlantaga.gov/fc-8612-concourse-e-food-and-beverage-concessions-package-3-at-hartsfield-jackson-atlanta-international-airport/
FC-8613 Concourse E Food And Beverage Concessions – Package 4 at Hartsfield-Jackson Atlanta International Airport,2016-03-15T14:34:00Z,2016-07-28T16:48:00Z,http://procurement.atlantaga.gov/fc-8613-concourse-e-food-and-beverage-concessions-package-4-at-hartsfield-jackson-atlanta-international-airport/
FC-8783 Green Acres ATL Energy Park at Hartsfield Jackson Atlanta International Airport,2016-03-14T21:28:00Z,2016-08-16T14:46:00Z,http://procurement.atlantaga.gov/fc-8783-green-acres-atl-energy-park-at-hartsfield-jackson-atlanta-international-airport/
FC-8698 Annual Contract for Major Electrical Repairs and Service,2016-03-04T22:13:00Z,2016-05-10T20:07:00Z,http://procurement.atlantaga.gov/fc-8698-annual-contract-for-major-electrical-repairs-and-service/
FC-8741 MISCELLANEOUS REPAIR AND CONSTRUCTION SERVICES UNDER $250K FOR ADA AND OTHER IMPROVEMENTS,2016-03-04T14:19:00Z,2016-04-26T14:48:00Z,http://procurement.atlantaga.gov/fc-8741-miscellaneous-repair-and-construction-services-under-250k-for-ada-and-other-improvements/
FC-8744 Annual Contract for Major Mechanical Repairs and Service,2016-03-04T14:13:00Z,2016-05-17T19:49:00Z,http://procurement.atlantaga.gov/fc-8744-annual-contract-for-major-mechanical-repairs-and-service/
FC-8590 IT Service Management Project,2016-03-03T19:48:00Z,2016-05-18T19:43:00Z,http://procurement.atlantaga.gov/fc-8590-it-service-management-project-2/
8777-PL Maintenance Safety Equipment for the Atlanta Streetcar Overhead Contact Systems,2016-02-29T21:02:00Z,2016-02-29T21:49:00Z,http://procurement.atlantaga.gov/8777-maintenance-safety-equipment-for-the-atlanta-streetcar-overhead-contact-systems/
FC-8786 Program Management Team Services for the Renew Atlanta Bond,2016-02-26T23:05:00Z,2016-10-25T20:35:00Z,http://procurement.atlantaga.gov/fc-8786-program-management-team-services-for-the-renew-atlanta-bond/
FC-8710 Cargo Expansion Site at HJAIA,2016-02-22T21:21:00Z,2016-05-25T18:02:00Z,http://procurement.atlantaga.gov/fc-8710-cargo-expansion-site-preparation-at-hjaia/
"8769-AP CNG and Diesel Front, Side and Rear Loader Refuse Trucks",2016-02-19T21:06:00Z,2016-04-07T19:54:00Z,http://procurement.atlantaga.gov/8769-ap-cng-and-diesel-front-side-and-rear-loader-refuse-trucks/
8745-PL Fire & Rescue Tools and Equipment for the Atlanta Fire & Rescue Department,2016-02-19T20:58:00Z,2016-03-11T21:33:00Z,http://procurement.atlantaga.gov/8745-pl-fire-rescue-tools-and-equipment-for-the-atlanta-fire-rescue-department/
FC-8688 Cleaning Sewage Inside Dwellings,2016-02-17T21:34:00Z,2016-04-12T14:07:00Z,http://procurement.atlantaga.gov/fc-8688-cleaning-sewage-inside-dwellings/
FC-8751 Airfield Repairs 2016,2016-02-17T20:26:00Z,2016-07-29T14:18:00Z,http://procurement.atlantaga.gov/fc-8751-airfield-repairs-2016/
FC-8746 Taxiway Pavement Replacement 2016,2016-02-17T18:20:00Z,2016-10-11T15:58:00Z,http://procurement.atlantaga.gov/fc-8746-taxiway-pavement-replacement-2016/
FC-8476 Installation of Traffic Calming Devices,2016-02-16T22:01:00Z,2016-05-17T22:53:00Z,http://procurement.atlantaga.gov/fc-8476-installation-of-traffic-calming-devices/
FC-8742 Street Micro Surfacing Activities,2016-02-15T22:50:00Z,2016-03-30T20:49:00Z,http://procurement.atlantaga.gov/fc-8742-street-micro-surfacing-activities/
FC-8656 Solar Energy Program,2016-02-11T19:49:00Z,2016-09-26T13:47:00Z,http://procurement.atlantaga.gov/fc-8656-solar-energy-program/
FC-8462 On-Call Airport Marketing Consulting Services at Hartsfield-Jackson Atlanta International Airport,2016-02-11T18:10:00Z,2016-10-11T15:59:00Z,http://procurement.atlantaga.gov/fc-8462-on-call-airport-marketing-consulting-services-at-hartsfield-jackson-atlanta-international-airport/
FC-8461 Concessions Promotional Services,2016-02-11T15:05:00Z,2016-10-11T16:01:00Z,http://procurement.atlantaga.gov/fc-8461-concessions-promotional-services/
FC-8592 RM Clayton Water Reclamation Center (“WRC”) Sand Filer Media Changeout and Refurbishment,2016-02-10T18:25:00Z,2016-03-02T20:21:00Z,http://procurement.atlantaga.gov/fc-8592-rm-clayton-water-reclamation-center-wrc-sand-filer-media-changeout-and-refurbishment/
FC-8690 Permanent Solution to Sewer Force Main Break,2016-02-09T21:32:00Z,2016-06-02T15:15:00Z,http://procurement.atlantaga.gov/fc-8690-permanent-solution-to-sewer-force-main-break/
FC-8707 Fleet Management Software System,2016-02-05T21:35:00Z,2016-03-23T21:01:00Z,http://procurement.atlantaga.gov/fc-8707-fleet-management-software-system/
FC-8725 Management and Maintenance Services for Candler Park City of Atlanta Golf Course,2016-01-25T23:02:00Z,2016-06-02T18:18:00Z,http://procurement.atlantaga.gov/fc-8725-management-and-maintenance-services-for-candler-park-city-of-atlanta-golf-course/
8687-PL Work Uniforms for the Department of Aviation/ Saftey & Security Division,2016-01-15T19:31:00Z,2016-01-15T23:51:00Z,http://procurement.atlantaga.gov/8687-pl-work-uniforms-for-the-department-of-aviation-saftey-security-division/
"8692-BL Blowers, Parts and Ancillary Services",2016-01-15T19:23:00Z,2016-01-15T23:51:00Z,http://procurement.atlantaga.gov/8692-bl-blowers-parts-and-ancillary-services/
8663-BL Trailer Mounted Belt Filter Press,2016-01-15T16:18:00Z,2016-01-15T23:51:00Z,http://procurement.atlantaga.gov/8663-bl-trailer-mounted-belt-filter-press-2/
"8712-AP Front, Side and Rear Refuse Trucks",2016-01-15T16:12:00Z,2016-01-29T15:55:00Z,http://procurement.atlantaga.gov/8712-ap-front-side-and-rear-refuse-trucks/
AATC ITB 2016-001 Concourse C Electrical Equipment Renovations Project,2016-01-08T20:50:00Z,2016-04-26T14:50:00Z,http://procurement.atlantaga.gov/aatc-itb-2016-001-concourse-c-electrical-equipment-renovations-project/
Delta Airside Modernization Project,2016-01-07T21:49:00Z,2016-04-26T14:50:00Z,http://procurement.atlantaga.gov/delta-airside-modernization-project/
FC-8627 Atlanta Streetcar Advertising,2016-01-05T23:02:00Z,2016-02-23T20:09:00Z,http://procurement.atlantaga.gov/fc-8627-atlanta-streetcar-advertising/
FC-8647 Third Party Ambulance Medical Billing,2015-12-18T16:56:00Z,2016-06-02T15:59:00Z,http://procurement.atlantaga.gov/fc-8647-third-party-ambulance-medical-billing/
FC-8645 Fleet Parts Management,2015-12-17T19:48:00Z,2016-04-06T16:50:00Z,http://procurement.atlantaga.gov/fc-8645-fleet-parts-management/
FC-8618 Management and Fee Collection Services for the City of Atlanta Outdoor Pools,2015-12-17T16:31:00Z,2016-06-02T20:03:00Z,http://procurement.atlantaga.gov/fc-8618-management-and-fee-collection-services-for-the-city-of-atlanta-outdoor-pools/
FC-8617 Maintenance Services for City of Atlanta Outdoor/Indoor Pools and Spray Grounds,2015-12-17T16:15:00Z,2016-06-02T20:02:00Z,http://procurement.atlantaga.gov/fc-8617-maintenance-services-for-city-of-atlanta-outdoorindoor-pools-and-spray-grounds/
FC-8662 Red Light Running Photo Enforcement System (RLRPES),2015-12-11T22:07:00Z,2016-08-17T16:43:00Z,http://procurement.atlantaga.gov/fc-8662-red-light-running-photo-enforcement-system-rlrpes/
8657-ES Specialized Printing,2015-12-11T19:58:00Z,2016-06-01T13:58:00Z,http://procurement.atlantaga.gov/8657-es-specialized-printing/
"8637-BL Polymer Blending Units Parts, Repairs & Ancillary Services",2015-12-10T22:38:00Z,2015-12-10T22:39:00Z,http://procurement.atlantaga.gov/8637-bl-polymer-blending-units-parts-repairs-ancillary-services/
8658-ES Recycled/Reclaimed Jet-A Aviation Fuel,2015-12-10T20:12:00Z,2015-12-10T20:12:00Z,http://procurement.atlantaga.gov/8658-es-recycledreclaimed-jet-a-aviation-fuel/
8648-BL Controller Cabinets,2015-12-10T16:17:00Z,2015-12-11T21:52:00Z,http://procurement.atlantaga.gov/8648-bl-controller-cabinets/
FC-8640 Construction Management Support Services at HJAIA,2015-12-09T16:57:00Z,2016-02-11T19:09:00Z,http://procurement.atlantaga.gov/fc-8640-construction-management-support-services-at-hjaia/
"8607-BL Blowers, Parts and Ancillary Services",2015-12-07T16:59:00Z,2015-12-07T17:30:00Z,http://procurement.atlantaga.gov/8607-bl-blowers-parts-and-ancillary-services/
FC-8463 Public Art Restoration Program,2015-11-24T21:26:00Z,2016-04-26T17:18:00Z,http://procurement.atlantaga.gov/fc-8463-public-art-restoration-program/
FC-8544 Annual Contract for the Disposal of Municipal Solid Waste,2015-11-23T18:05:00Z,2016-03-14T14:44:00Z,http://procurement.atlantaga.gov/fc-8544-annual-contract-for-the-disposal-of-municipal-solid-waste/
RFP-8633-BL City Plaza,2015-11-19T21:58:00Z,2016-03-29T21:20:00Z,http://procurement.atlantaga.gov/rfp-8633-bl-city-plaza/
P.I.-0009048 Folk Art Park Project G-DOT,2015-11-17T19:53:00Z,2016-01-04T21:30:00Z,http://procurement.atlantaga.gov/p-i-0009048-folk-art-park-project-g-dot/
FC-8571 On-Call Commercial Real Estate Consultant Services,2015-11-17T19:14:00Z,2016-04-26T14:52:00Z,http://procurement.atlantaga.gov/fc-8571-on-call-commercial-real-estate-consultant-services/
FC-8167 Luggage Wrapping Services at Hartsfield-Jackson Atlanta International Airport,2015-11-12T21:18:00Z,2016-04-26T14:52:00Z,http://procurement.atlantaga.gov/fc-8167-luggage-wrapping-services-at-hartsfield-jackson-atlanta-international-airport/
FC-8367 Large Diameter Waterline Condition Assessment,2015-11-10T19:10:00Z,2016-08-17T16:45:00Z,http://procurement.atlantaga.gov/fc-8367-large-diameter-waterline-condition-assessment/
8604-AP Stand Up Operated Zero Emission (3) Wheel Electric Personal Transporter,2015-11-06T23:04:00Z,2015-11-06T23:05:00Z,http://procurement.atlantaga.gov/8604-ap-stand-up-operated-zero-emission-3-wheel-electric-personal-transporter/
8585-ES Recycled/Reclaimed Jet-A Aviation Fuel,2015-11-06T14:31:00Z,2015-12-14T13:54:00Z,http://procurement.atlantaga.gov/8585-es-recycledreclaimed-jet-a-aviation-fuel/
8605-AP Automotive Shop Equipment Parts and Services,2015-11-06T14:26:00Z,2015-12-14T13:53:00Z,http://procurement.atlantaga.gov/8605-ap-automotive-shop-equipment-parts-and-services/
8608-BL Solar-Powered School Zone Signal Systems,2015-11-06T14:20:00Z,2015-12-14T13:55:00Z,http://procurement.atlantaga.gov/8608-bl-solar-powered-school-zone-signal-systems/
"8598-BL Valves, Parts and Ancillary Services",2015-11-06T14:16:00Z,2015-12-14T13:55:00Z,http://procurement.atlantaga.gov/8598-bl-valves-parts-and-ancillary-services/
FC-8473 Annual Contract For Large Water Meter Testing And Repair,2015-11-05T20:55:00Z,2015-12-23T21:03:00Z,http://procurement.atlantaga.gov/fc-8473-annual-contract-for-large-water-meter-testing-and-repair/
"FC-8576 Management, Capital Improvements and Maintenance Services for City of Atlanta Golf Courses",2015-11-03T02:14:00Z,2016-04-26T14:53:00Z,http://procurement.atlantaga.gov/fc-8576-management-capital-improvements-and-maintenance-services-for-city-of-atlanta-golf-courses/
FC-8547 Lt. and Captain Testing on Behalf of AFRD,2015-11-02T21:08:00Z,2016-02-16T14:35:00Z,http://procurement.atlantaga.gov/fc-8547-lt-and-captain-testing-on-behalf-of-afrd/
"8573-BL Centrifuge Parts, Services and Repairs",2015-11-02T15:46:00Z,2015-11-02T20:51:00Z,http://procurement.atlantaga.gov/8573-bl-centrifuge-parts-services-and-repairs/
FC-8370 Airport Security Services at HJAIA,2015-10-30T21:19:00Z,2016-04-26T14:53:00Z,http://procurement.atlantaga.gov/fc-8370-airport-security-services-at-hjaia/
8546-PL Work Uniforms for the Department of Aviation Safety & Security Division,2015-10-29T21:56:00Z,2015-10-29T21:56:00Z,http://procurement.atlantaga.gov/8546-pl-work-uniforms-for-the-department-of-aviation-safety-security-division/
"8572-BL Beck Valves, Parts and Ancillary Services",2015-10-29T15:15:00Z,2015-11-05T13:54:00Z,http://procurement.atlantaga.gov/8572-bl-beck-valves-parts-and-ancillary-services/
FC-8484 Food and Beverage Concessions on Concourse C Midpoint at H-JAIA,2015-10-23T22:09:00Z,2016-01-13T21:14:00Z,http://procurement.atlantaga.gov/fc-8484-food-and-beverage-concessions-on-concourse-c-midpoint-at-h-jaia/
FC-8512 Branded Hamburger Concession – Concourse B,2015-10-22T23:27:00Z,2016-01-14T14:49:00Z,http://procurement.atlantaga.gov/fc-8512-branded-hamburger-concession-concourse-a/
FC-8511 Branded Hamburger Concession – Concourse A,2015-10-22T23:17:00Z,2016-09-13T13:42:00Z,http://procurement.atlantaga.gov/fc-8511-branded-hamburger-concession-concourse-a/
FC- 8510 Branded Coffee Concession – Concourse A,2015-10-22T23:01:00Z,2016-01-13T19:17:00Z,http://procurement.atlantaga.gov/fc-5810-branded-coffee-concession-concourse-a/
FC-8088 Game Lounge at HJAIA,2015-10-20T14:56:00Z,2016-04-26T14:54:00Z,http://procurement.atlantaga.gov/fc-8088-game-lounge-at-hjaia/
FC-8520 Waste Reduction Facility,2015-10-19T22:44:00Z,2016-05-17T22:51:00Z,http://procurement.atlantaga.gov/fc-8520-waste-reduction-facility/
"FC-8250 Annual Contract for the Maintenance and Repair of Sidewalks, Curbs, Driveway Aprons & Associated Infrastructure",2015-10-19T22:16:00Z,2016-04-26T17:19:00Z,http://procurement.atlantaga.gov/fc-8250-annual-contract-for-the-maintenance-and-repair-of-sidewalks-curbs-driveway-aprons-associated-infrastructure/
FC-8553 Program and Construction Management Support Services for the Renew Atlanta Bond,2015-10-19T22:04:00Z,2016-02-08T22:49:00Z,http://procurement.atlantaga.gov/fc-8553-program-and-construction-management-support-services-for-the-renew-atlanta-bond/
FC-8469 Domestic Terminal Parking Decks Reconstruction & amp; Replacement – Construction Management at Risk,2015-10-16T22:14:00Z,2016-04-26T14:54:00Z,http://procurement.atlantaga.gov/fc-8469-domestic-terminal-parking-decks-reconstruction-replacement-construction-management-at-risk/
"8528-BL JWCE Grinders, Parts and Ancillary Services",2015-10-15T15:49:00Z,2015-10-15T17:04:00Z,http://procurement.atlantaga.gov/8528-bl-jwce-grinders-parts-and-ancillary-services/
FC-8468 Domestic Terminal Parking Decks Reconstruction & Replacement – Design Phase Services,2015-10-12T22:18:00Z,2016-01-20T19:06:00Z,http://procurement.atlantaga.gov/fc-8468-domestic-terminal-parking-decks-reconstruction-replacement-design-phase-services/
"8529-BL Switchgear, Motor Control Centers, and Other Misc. Electrical Systems, Parts, and Ancillary Services",2015-10-12T19:59:00Z,2015-10-12T20:11:00Z,http://procurement.atlantaga.gov/8529-bl-switchgear-motor-control-centers-and-other-misc-electrical-systems-parts-and-ancillary-services/
8549-ES Modular Buildings and Structures,2015-10-09T21:41:00Z,2016-06-17T20:31:00Z,http://procurement.atlantaga.gov/8549-es-modular-buildings-and-structures/
"FC-8471 Annual Contract for Milling, Resurfacing and Associated Activities",2015-10-07T13:57:00Z,2016-03-30T20:49:00Z,http://procurement.atlantaga.gov/fc-8471-annual-contract-for-milling-resurfacing-and-associated-activities/
FC-8509 Management and Operation of City of Atlanta Cafeterias,2015-10-02T21:25:00Z,2015-11-06T20:04:00Z,http://procurement.atlantaga.gov/fc-8509-management-and-operation-of-city-of-atlanta-cafeterias/
FC-8508 Management and Operation of City of Atlanta Newsstands,2015-10-02T21:16:00Z,2015-11-18T20:43:00Z,http://procurement.atlantaga.gov/fc-8508-management-and-operation-of-city-of-atlanta-newsstands/
AATC ITB 2015-002R Concourse E  Concourse C Midpoint Low Voltage Electrical Distribution,2015-10-02T18:16:00Z,2015-10-09T16:23:00Z,http://procurement.atlantaga.gov/aatc-itb-2015-002r-concourse-e-concourse-c-midpoint-low-voltage-electrical-distribution/
8519-ES Recycled (Reclaimed) Jet-A Aviation Fuel,2015-10-02T15:24:00Z,2015-10-05T14:18:00Z,http://procurement.atlantaga.gov/8519-es-recycled-reclaimed-jet-a-aviation-fuel/
8482-AP Stand Up Operated Zero Emission (3) Wheel Electric Personal Transporter,2015-10-02T14:14:00Z,2015-10-02T14:17:00Z,http://procurement.atlantaga.gov/8482-ap-stand-up-operated-zero-emission-3-wheel-electric-personal-transporter/
FC-8381 Program Management Services,2015-09-28T22:46:00Z,2015-10-13T19:17:00Z,http://procurement.atlantaga.gov/fc-8381-program-management-services/
"8472-BL Centrifuge Parts, Services and Repairs",2015-09-24T21:14:00Z,2015-09-24T22:32:00Z,http://procurement.atlantaga.gov/8472-bl-centrifuge-parts-services-and-repairs/
"8492-BL Analytical Technology, Inc. Gas Detectors, Parts and Repairs",2015-09-24T15:11:00Z,2015-09-24T15:11:00Z,http://procurement.atlantaga.gov/8492-bl-analytical-technology-inc-gas-detectors-parts-and-repairs/
FC-8392 Emergency On-Call Debris Removal Services,2015-09-24T13:47:00Z,2015-10-28T20:05:00Z,http://procurement.atlantaga.gov/fc-8392-emergency-on-call-debris-removal-services/
8483-AP Automotive Shop Equipment Parts and Services,2015-09-24T13:13:00Z,2015-09-24T17:38:00Z,http://procurement.atlantaga.gov/8483-ap-automotive-shop-equipment-parts-and-services/
FC-8188 RM Clayton WRC Nutrient Harvesting Design-Build Project,2015-09-21T18:49:00Z,2016-08-17T16:30:00Z,http://procurement.atlantaga.gov/fc-fc-8188-rm-clayton-wrc-nutrient-harvesting-design-build-project/
FC-8412 Annual Contract for Sanitary Sewer Repair Services,2015-09-21T17:45:00Z,2016-06-03T19:33:00Z,http://procurement.atlantaga.gov/fc-8412-annual-contract-for-sanitary-sewer-repair/
8456-BL Lease of Certificates of Public Necessity and Convenience,2015-09-17T21:06:00Z,2016-03-14T13:45:00Z,http://procurement.atlantaga.gov/8456-bl-lease-of-certificates-of-public-necessity-and-convenience/
8480-ES Modular Buildings and Structures,2015-09-17T20:56:00Z,2015-10-01T21:03:00Z,http://procurement.atlantaga.gov/8480-es-modular-buildings-and-structures/
FC-8372 Recyclables Processing Services,2015-09-10T19:03:00Z,2016-05-13T20:34:00Z,http://procurement.atlantaga.gov/fc-8372-recyclables-processing-services/
FC-8316 Flight Tracking System at HJAIA,2015-09-03T19:34:00Z,2016-01-05T21:11:00Z,http://procurement.atlantaga.gov/fc-8316-flight-tracking-sysytem-at-hjaia/
"8453-BL Compressor Systems, Parts, Services and Repairs",2015-09-03T16:23:00Z,2015-09-03T16:23:00Z,http://procurement.atlantaga.gov/8453-bl-compressor-systems-parts-services-and-repairs/
8455-ES Recycled (Reclaimed) Jet-A Aviation Fuel,2015-09-03T15:22:00Z,2015-09-03T15:51:00Z,http://procurement.atlantaga.gov/8455-es-recycled-reclaimed-jet-a-aviation-fuel/
FC-8180 Concessions Audit Services at Hartsfield-Jackson Atlanta International Airport,2015-09-02T21:48:00Z,2016-11-17T13:29:00Z,http://procurement.atlantaga.gov/fc-8180-concessions-audit-services-at-hartsfield-jackson-atlanta-international-airport/
8452-BL Foxboro DCS Service and Parts,2015-08-27T21:29:00Z,2015-08-28T13:54:00Z,http://procurement.atlantaga.gov/8452-bl-foxboro-dcs-service-and-parts/
FC-8430 Design-Build Northside Drive Pedestrian Bridge,2015-08-25T22:38:00Z,2016-10-31T19:10:00Z,http://procurement.atlantaga.gov/fc-8430-design-build-northside-drive-pedestrian-bridge/
"8431-BL Analytical Technology, Inc. Gas Detectors, Parts & Repairs",2015-08-20T21:23:00Z,2015-08-20T21:23:00Z,http://procurement.atlantaga.gov/8431-bl-analytical-technology-inc-gas-detectors-parts-repairs/
"7716-BL Sewer Manholes, Catch Basin, Cast Iron Meter Boxes, Sanitary Cleanout Boxes, Lids and Precast Reinforced Concrete Manholes",2015-08-20T21:08:00Z,2016-03-01T14:59:00Z,http://procurement.atlantaga.gov/7716-bl-sewer-manholes-catch-basin-cast-iron-meter-boxes-sanitary-cleanout-boxes-lids-and-precast-reinforced-concrete-manholes/
FC-7902 Peachtree Creek Trunk Stabilization Project,2015-08-20T16:30:00Z,2016-02-12T16:23:00Z,http://procurement.atlantaga.gov/fc-7902-peachtree-creek-trunk-stabilization-project/
FC-8076 Arbitrage Rebate Calculation Services,2015-08-17T17:18:00Z,2016-04-26T17:18:00Z,http://procurement.atlantaga.gov/fc-8076-arbitrage-rebate-calculation-services/
FC-8356 Third Party Ambulance Medical Billing at HJAIA,2015-08-14T21:44:00Z,2016-06-02T15:14:00Z,http://procurement.atlantaga.gov/fc-8356-third-party-ambulance-medical-billing-at-hjaia/
"FC-8420 Design Build MLK, Jr. Recreational and Aquatic Facility",2015-08-14T20:55:00Z,2016-03-30T20:49:00Z,http://procurement.atlantaga.gov/fc-8420-design-build-mlk-jr-recreational-and-aquatic-facility/
AATC ITB 2015-003 – Concourse T Roof Replacement,2015-08-14T14:45:00Z,2015-12-08T13:47:00Z,http://procurement.atlantaga.gov/aatc-itb-2015-003-concourse-t-roof-replacement/
8268-PL Athletic Uniforms,2015-08-13T15:54:00Z,2015-08-13T16:05:00Z,http://procurement.atlantaga.gov/8268-pl-athletic-uniforms/
FC-8314 Domestic CV & Taxi Hold Lot Relocation at HJAIA,2015-08-11T14:09:00Z,2016-06-02T15:59:00Z,http://procurement.atlantaga.gov/fc-8314-domestiv-cv-taxi-hold-lot-relocation-at-hjaia/
FC-8342 Body Camera and Video Management System,2015-08-05T22:17:00Z,2015-08-24T13:09:00Z,http://procurement.atlantaga.gov/fc-8342-body-camera-and-video-management-system-2/
FC-8357 Permanent Solution to Sewer Force Main Break,2015-08-04T16:33:00Z,2016-02-26T20:26:00Z,http://procurement.atlantaga.gov/fc-8357-permanent-solution-to-sewer-force-main-break/
FC-8366 Emergency On-Call Repairs and Maintenance for the Atlanta Streetcar Traction Power Substations,2015-07-31T15:55:00Z,2015-11-30T14:35:00Z,http://procurement.atlantaga.gov/fc-8366-emergency-on-call-repairs-maintenance-for-the-atlanta-streetcar-traction-power-substations/
"8373-BL, Welding Apparatus and Supplies",2015-07-30T12:48:00Z,2015-08-03T16:28:00Z,http://procurement.atlantaga.gov/8373-bl-welding-apparatus-and-supplies/
"8358-BL, Electric Motor Repair and Replacement Service",2015-07-30T12:42:00Z,2015-07-30T14:05:00Z,http://procurement.atlantaga.gov/8358-bl-electric-motor-repair-and-replacement-service/
"8385-PL, Airport Special Response Team Tactical Body Armor",2015-07-30T12:33:00Z,2015-08-19T14:52:00Z,http://procurement.atlantaga.gov/8385-pl-airport-special-response-team-tactical-body-armor/
FC-8071 Explosive Detection System Recapitalization and Optimization,2015-07-29T21:30:00Z,2015-10-07T19:27:00Z,http://procurement.atlantaga.gov/fc-8071-explosive-detection-system-recapitalization-and-optimization/
FC-8330 Citywide Fire and Burglar Alarm Services,2015-07-29T17:28:00Z,2015-11-13T13:59:00Z,http://procurement.atlantaga.gov/fc-8330-citywide-fire-and-burglar-alarm/
FC-8354 Management and Operation of City of Atlanta Cafeterias,2015-07-24T18:28:00Z,2015-10-21T18:03:00Z,http://procurement.atlantaga.gov/fc-8354-management-and-operation-of-city-of-atlanta-cafeterias/
FC-8278 Central Passenger Terminal Survey Services,2015-07-24T13:16:00Z,2015-11-13T13:59:00Z,http://procurement.atlantaga.gov/fc-8278-central-passenger-terminal-survey-services/
"FC-8249 Annual Contract for the Maintenance and Repair of Sidewalks, Curbs, Driveway Aprons & Associated Infrastructure",2015-07-22T21:30:00Z,2016-04-26T17:18:00Z,http://procurement.atlantaga.gov/fc-8249-annual-contract-for-the-maintenance-and-repair-of-sidewalks-curbs-driveway-aprons-associated-infrastructure/
FC-8284 Green Acres ATL Energy Park at HJAIA,2015-07-20T20:05:00Z,2016-04-06T16:34:00Z,http://procurement.atlantaga.gov/fc-8284-green-acres-atl-energy-park-at-hjaia/
7th Street Two-Way Traffic Conversion,2015-07-17T20:57:00Z,2015-07-17T20:57:00Z,http://procurement.atlantaga.gov/7th-street-two-way-traffic-conversion/
"8351-AP, Sedan, Compact, Flex Fuel, And Hybrid; Repair Services and Parts",2015-07-16T17:25:00Z,2015-07-16T19:56:00Z,http://procurement.atlantaga.gov/8351-ap-sedan-compact-flex-fuel-and-hybrid-repair-services-and-parts/
FC-8318 Security Access Control System Operation and Maintenance at Hartsfield-Jackson International Airport,2015-07-14T18:45:00Z,2015-08-27T13:13:00Z,http://procurement.atlantaga.gov/fc-8318-security-access-control-system-operation-and-maintenance-at-hartsfield-jackson-international-airport/
"FC-8260 Hotel, Travel Plaza and Mixed Use Development",2015-07-06T23:30:00Z,2015-10-28T21:59:00Z,http://procurement.atlantaga.gov/fc-8260-hotel-travel-plaza-and-mixed-use-development/
FC-8332 Atlanta Streetcar Real-Time Passenger Information System,2015-07-02T19:49:00Z,2015-10-20T16:32:00Z,http://procurement.atlantaga.gov/fc-8332-atlanta-streetcar-real-time-passenger-information-system/
FC-8331 Atlanta Streetcar Mobile Ticketing Application,2015-07-01T21:22:00Z,2015-11-30T14:48:00Z,http://procurement.atlantaga.gov/fc-8331-atlanta-streetcar-mobile-ticketing-application/
8334-BL Foxboro DCS Parts and Repair,2015-06-26T16:44:00Z,2015-08-06T18:31:00Z,http://procurement.atlantaga.gov/8334-bl-foxboro-dcs-parts-and-repair/
FC-8096 On-Call Commercial Real Estate Consulting Services at HJAIA,2015-06-25T12:36:00Z,2015-11-16T19:05:00Z,http://procurement.atlantaga.gov/fc-8096-on-call-commercial-real-estate-services-at-hjaia/
FC-8230 Security Guard Services,2015-06-24T21:05:00Z,2015-09-10T13:09:00Z,http://procurement.atlantaga.gov/fc-8230-security-guard-services/
FC-7777 Management and Operation of City Newsstands,2015-06-19T19:11:00Z,2015-10-21T18:03:00Z,http://procurement.atlantaga.gov/fc-7777-management-and-operation-of-city-newsstands/
8291-AP Runway Rubber Removal Vehicle with Parts and Services,2015-06-18T20:31:00Z,2015-06-26T17:05:00Z,http://procurement.atlantaga.gov/8291-ap/
FC-8234 Central Passenger Terminal Complex Modernization-Airside at HJAIA,2015-06-18T17:12:00Z,2016-04-21T13:15:00Z,http://procurement.atlantaga.gov/fc-8234-central-passenger-terminal-complex-modernization-airside-at-hjaia/
FC-8195 Central Passenger Terminal Complex (CPTC) Modernization-Landside at HJAIA,2015-06-18T16:55:00Z,2016-04-15T16:04:00Z,http://procurement.atlantaga.gov/fc-8195-central-passenger-terminal-complex-cptc-modernization-landside-at-hjaia/
"FC-8319 Installation, Relocation, Removal, and Repair of Traffic Signals",2015-06-16T22:30:00Z,2015-07-30T18:26:00Z,http://procurement.atlantaga.gov/fc-8319-installation-relocation-removal-and-repair-of-traffic-signals/
FC- 7469 Automotive Body and Frame Repair,2015-06-16T15:08:00Z,2015-07-08T20:36:00Z,http://procurement.atlantaga.gov/fc-7469-automotive-body-and-frame-repair/
8276-BL Welding Apparatus and Supplies,2015-06-15T16:11:00Z,2015-06-30T16:50:00Z,http://procurement.atlantaga.gov/8276-bl/
FC-8115 Program and Construction Management Services for the Renew Atlanta Bond,2015-06-12T22:14:00Z,2015-11-30T14:35:00Z,http://procurement.atlantaga.gov/fc-8115-program-and-construction-management-services-for-the-renew-atlanta-bond/
AATC ITB 2015-002 CONCOURSE E ELECTRICAL DISTRIBUTION LOW VOLTAGE AS-BUILT STUDY,2015-06-11T19:30:00Z,2015-07-15T21:10:00Z,http://procurement.atlantaga.gov/aatc-itb-2015-002-concourse-e-electrical-distribution-low-voltage-as-built-study/
8326-AP GMC SUVS All Models and Package Upgrades With Repair Services and Repair Parts,2015-06-11T19:08:00Z,2015-06-30T16:53:00Z,http://procurement.atlantaga.gov/8326-ap-gmc-suvs-all-models-and-package-upgrades-with-repair-services-and-repair-parts/
FC-7954 Inventory of Capital Assets,2015-06-05T15:13:00Z,2016-04-26T17:18:00Z,http://procurement.atlantaga.gov/fc-7954-inventory-of-capital-assets/
8296-PL Industrial Cleaning Solutions & Janitorial Supplies,2015-06-04T21:03:00Z,2015-06-04T21:03:00Z,http://procurement.atlantaga.gov/8296-pl/
"FC-8248 Annual Contract for the Maintenance and Repair of Sidewalks, Curbs, Driveway Aprons & Associated Infrastructure",2015-06-02T22:01:00Z,2015-07-14T15:38:00Z,http://procurement.atlantaga.gov/fc-8248-annual-contract-for-the-maintenance-and-repair-of-sidewalks-curbs-driveway-aprons-associated-infrastructure/
FC-8192 Turner Field Stadium Neighborhood Livable Center Initiative,2015-05-29T17:52:00Z,2015-10-23T17:14:00Z,http://procurement.atlantaga.gov/fc-8192-turner-field-stadium-neighborhood-livable-center-initiative/
FC-7792 Annual Contract for Clean-Up Sewage Spills Inside Dwellings,2015-05-28T19:52:00Z,2015-08-05T21:38:00Z,http://procurement.atlantaga.gov/fc-7792-annual-contract-for-clean-up-sewage-spills-inside-dwellings/
8275-BL Hose Pump Parts and Replacements,2015-05-28T14:55:00Z,2015-05-28T16:20:00Z,http://procurement.atlantaga.gov/8275-bl-hose-pump-parts-and-replacements/
8285-JL Request for Lease Proposal,2015-05-26T15:54:00Z,2015-06-23T17:47:00Z,http://procurement.atlantaga.gov/8285-jl-request-for-lease-proposal/
FC-8147 Citywide Plumbing Maintenance and Services,2015-05-22T14:31:00Z,2015-06-24T20:27:00Z,http://procurement.atlantaga.gov/fc-8147-citywide-plumbing-maintenance-and-services/
"8262-AP Sedan, Compact, Flex-Fuel and Hybrid-Electric, Repair Services and Parts",2015-05-21T17:16:00Z,2015-05-21T17:16:00Z,http://procurement.atlantaga.gov/8262-ap-sedan-compact-flex-fuel-and-hybrid-electric-repair-services-and-parts/
"FC-8258  Airfield and Roadway Placement, Replacement, and Repair Contractor at HJAIA",2015-05-20T22:07:00Z,2015-09-01T16:18:00Z,http://procurement.atlantaga.gov/fc-8258-rfq-for-airfield-and-roadway-placement-replacement-and-repair-contractor-at-hartsfield-jackson-atlanta-international-airport/
FC-7994 Lieutenants and Captains Promotional Testing on Behalf of AFRD,2015-05-15T21:03:00Z,2016-02-09T21:02:00Z,http://procurement.atlantaga.gov/fc-7994-lieutenants-and-captains-promotional-testing-on-behalf-of-afrd/
8182-AP Fire Air Supply,2015-05-15T13:58:00Z,2016-09-15T14:37:00Z,http://procurement.atlantaga.gov/8182-ap-fire-air-supply/
8269-PL Work Uniforms for the Atlanta Streetcar Operators and Maintenance Personnel,2015-05-14T21:35:00Z,2015-06-08T21:55:00Z,http://procurement.atlantaga.gov/8269-pl/
FC-8171 Yard Debris Processing and Diversion Program,2015-05-12T21:34:00Z,2015-10-23T17:13:00Z,http://procurement.atlantaga.gov/fc-8171-yard-debris-processing-and-diversion-program/
8270-AP GMC SUVS All Models and Package Upgrades With Repair Services and Repair Parts,2015-05-08T21:00:00Z,2015-06-05T20:12:00Z,http://procurement.atlantaga.gov/8270-ap-gmc-suvs-all-models-and-package-upgrades-with-repair-services-and-repair-parts/
8263-AP 2015 Type I Ambulance,2015-05-07T21:04:00Z,2015-05-07T21:04:00Z,http://procurement.atlantaga.gov/8263-ap/
"8220-BL Actuators, Parts, and Repairs",2015-05-07T15:07:00Z,2015-06-05T20:13:00Z,http://procurement.atlantaga.gov/8220-bl-actuators-parts-and-repairs/
8237-PL Sports Equipment and Recreational Supplies for the Department of Parks and Recreation,2015-05-01T16:25:00Z,2015-05-01T16:25:00Z,http://procurement.atlantaga.gov/8237-pl/
8206-BL Equipment Parts And Ancillary Repairs,2015-04-30T14:32:00Z,2015-06-10T21:13:00Z,http://procurement.atlantaga.gov/8206-bl-equipment-parts-and-ancillary-repairs/
8112-PL Lockers and Storage Units for the Atlanta Fire & Rescue Department,2015-04-23T20:09:00Z,2015-04-23T20:43:00Z,http://procurement.atlantaga.gov/8112-pl-lockers-and-storage-units-for-the-atlanta-fire-rescue-department/
FC-7964 Case Management Improvement,2015-04-23T19:58:00Z,2015-10-21T18:02:00Z,http://procurement.atlantaga.gov/fc-7964-case-management-improvement/
FC-8075 F3 A380 Reconfiguration @ HJAIA,2015-04-21T18:46:00Z,2016-03-01T16:56:00Z,http://procurement.atlantaga.gov/fc-8075-f3-a380-reconfiguration-hjaia/
8160-BL Security Booths,2015-04-17T17:36:00Z,2015-06-10T21:14:00Z,http://procurement.atlantaga.gov/8160-bl/
FC-8155 Design Build RM Clayton Water Reclamation Center (‘WRC”) Headworks Improvement Project,2015-04-15T19:17:00Z,2015-06-30T17:32:00Z,http://procurement.atlantaga.gov/fc-8155-design-build-rm-clayton-water-reclamation-center-wrc-headworks-improvement-project/
8172-BL Surveying Equipment,2015-04-09T21:22:00Z,2015-06-10T21:15:00Z,http://procurement.atlantaga.gov/8172-bl-surveying-equipment/
8009-MT Flexible Curbing,2015-04-09T16:46:00Z,2015-05-07T21:05:00Z,http://procurement.atlantaga.gov/8009-mt/
"8164-MT Batteries, Automotive, Motorized and Gel Batteries and Services",2015-04-09T14:45:00Z,2015-09-10T17:52:00Z,http://procurement.atlantaga.gov/8164-mt-batteries-automotive-motorized-and-gel-batteries-and-services/
"FC-8162 Installation, Relocation, Removal, and Repair of Traffic Signals",2015-04-08T21:43:00Z,2015-06-09T20:36:00Z,http://procurement.atlantaga.gov/fc-8162-installation-relocation-removal-and-repair-of-traffic-signals/
"FC-7908 Annual Contract for the Construction of Sidewalks,Driveways, Curbs, and Gutters",2015-04-08T21:20:00Z,2015-04-20T15:04:00Z,http://procurement.atlantaga.gov/fc-7908-annual-contract-for-the-construction-of-sidewalksdriveways-curbs-and-gutters/
8083-PL The Services and Repair of Emergency Generators for the Department of Aviation,2015-04-07T19:54:00Z,2015-05-08T21:53:00Z,http://procurement.atlantaga.gov/8083-pl-the-services-and-repair-of-emergency-generators-for-the-department-of-aviation/
FC-8047 Energy Services Performance Initiatives,2015-04-06T21:39:00Z,2016-09-26T13:47:00Z,http://procurement.atlantaga.gov/fc-8047-energy-services-performance-initiatives/
8042-AP 2015 Type I Ambulance,2015-04-06T21:18:00Z,2015-05-07T21:05:00Z,http://procurement.atlantaga.gov/8042-ap/
FC-8093 Intrenchment Creek WRC  Sludge Tank Cleaning,2015-04-06T21:04:00Z,2015-05-15T21:28:00Z,http://procurement.atlantaga.gov/fc-8093-intrenchment-creek-wrc-sludge-tank-cleaning/
8111-PL Work Uniforms for the Streetcar Operations and Maintenance Personnel for the Department of Public Works,2015-04-06T20:46:00Z,2015-05-07T21:06:00Z,http://procurement.atlantaga.gov/8111-pl/
"AATC ITB 2015-001R, CONCOURSE E ROOF REPLACEMENT AND SKYLIGHTS REPLACEMENT PROJECT",2015-04-06T20:03:00Z,2015-05-12T15:46:00Z,http://procurement.atlantaga.gov/aatc-itb-2015-001r-concourse-e-roof-replacement-and-skylights-replacement-project/
8010-MT Portland Cement Bags,2015-04-06T14:59:00Z,2015-06-10T21:12:00Z,http://procurement.atlantaga.gov/8010-mt-portland-cement-bags/
FC-8101 Sergeants and Lt. Promotional Testing on Behalf of APD,2015-04-03T18:26:00Z,2016-02-09T21:02:00Z,http://procurement.atlantaga.gov/fc-8101-sergeants-and-lt-promotional-testing-on-behalf-of-apd/
8128-AP Various Landscape Mowers,2015-04-03T17:27:00Z,2015-05-04T15:15:00Z,http://procurement.atlantaga.gov/8128-ap-various-landscape-mowers/
FC-6362 Coffee Bakery Concessions In the Rental Car Center,2015-04-02T22:04:00Z,2015-04-06T13:49:00Z,http://procurement.atlantaga.gov/fc-6362-coffee-bakery-concessions-in-the-rental-car-center/
FC-7113 Ground Transportation Shared Ride Shuttle Services at HJAIA,2015-04-02T21:43:00Z,2015-04-06T13:49:00Z,http://procurement.atlantaga.gov/fc-7113-ground-transportation-shared-ride-shuttle-services-at-hjaia/
FC-8017 American Airlines Ticket Counter/Airline Ticket Office (ATO) Relocation and Concourse T North Gate Optimization Performance Audit At HJAIA,2015-04-02T19:02:00Z,2015-05-04T15:15:00Z,http://procurement.atlantaga.gov/fc-8017-american-airlines-ticket-counterairline-ticket-office-ato-relocation-and-concourse-t-north-gate-optimization-performance-audit-at-hjaia/
FC-8149 After School Programming (RFQ),2015-04-02T13:04:00Z,2016-06-13T16:25:00Z,http://procurement.atlantaga.gov/fc-8149-after-school-programming-rfq/
FC-8023 Citywide Wrecker Services,2015-03-31T15:22:00Z,2015-12-22T14:33:00Z,http://procurement.atlantaga.gov/fc-8023-citywide-wrecker-services/
FC-8100 Insurance Brokerage and Consulting Services,2015-03-30T21:00:00Z,2016-04-26T17:18:00Z,http://procurement.atlantaga.gov/fc-8100-insurance-brokerage-and-consulting-services/
FC-7976 Food and Beverage Concessions on Concourse C,2015-03-27T15:59:00Z,2015-08-07T23:09:00Z,http://procurement.atlantaga.gov/fc-7976-food-and-beverage-concessions-on-concourse-c/
FC-7984 On-Call Concessions Consultant @HJAIA,2015-03-27T15:40:00Z,2015-04-23T19:11:00Z,http://procurement.atlantaga.gov/fc-7984-on-call-concessions-consultant-hjaia/
8129-MT Automotive and Jell Cell Batteries,2015-03-26T20:10:00Z,2015-04-01T15:17:00Z,http://procurement.atlantaga.gov/8129-mt-automotive-and-jell-cell-batteries/
8113-MT Big Belly Solar Compactor,2015-03-26T19:54:00Z,2015-05-04T15:16:00Z,http://procurement.atlantaga.gov/8113-mt-big-belly-solar-compactor/
FC-7828 Red Light Running Photo Enforcement System Studies,2015-03-16T21:52:00Z,2016-05-23T17:54:00Z,http://procurement.atlantaga.gov/fc-7828-red-light-running-photo-enforcement-system-studies/
FC-8110 Underwriting Services RFQ,2015-03-12T21:25:00Z,2015-04-13T15:38:00Z,http://procurement.atlantaga.gov/fc-8110-underwriting-services-rfq/
FC-8109 Investment Broker/Dealer RFQ,2015-03-12T21:22:00Z,2015-04-13T15:39:00Z,http://procurement.atlantaga.gov/fc-8109-investment-brokerdealer-rfq/
8097-BL Anti-Foam Water Additive,2015-03-12T16:49:00Z,2015-06-10T21:15:00Z,http://procurement.atlantaga.gov/8097-bl-anti-foam-water-additive/
"FC-7909 Annual Contract for the Maintenance and Repair of Sidewalks, Curbs, Driveway Aprons & Associated Infrastructure",2015-03-10T21:48:00Z,2015-04-20T15:03:00Z,http://procurement.atlantaga.gov/fc-7909-annual-contract-for-the-maintenance-and-repair-of-sidewalks-curbs-driveway-aprons-associated-infrastructure/
8070-BL Fire Fighting Class B Foam,2015-03-06T16:06:00Z,2015-06-10T21:17:00Z,http://procurement.atlantaga.gov/8070-bl/
"7877-BL Electric Motor Replacement, Repair and Service",2015-03-06T15:57:00Z,2015-04-03T13:07:00Z,http://procurement.atlantaga.gov/7877-bl/
FC-7971 Mystery Shop Program,2015-03-06T13:55:00Z,2016-06-10T22:01:00Z,http://procurement.atlantaga.gov/fc-7971-mystery-shop-program/
FC-7998 Market Basket Pricing Services,2015-03-06T13:39:00Z,2016-06-10T22:01:00Z,http://procurement.atlantaga.gov/fc-7998-market-basket-pricing-services/
FC-8077 RFQ for Investment Broker/Dealer Services,2015-03-03T20:18:00Z,2015-03-12T13:16:00Z,http://procurement.atlantaga.gov/fc-8077-rfq-for-investment-brokerdealer-services/
FC-8078 RFQ for Underwriting Services,2015-03-03T20:13:00Z,2015-03-12T13:09:00Z,http://procurement.atlantaga.gov/fc-8078-rfq-for-underwriting-services/
8079-AP Various Medium Lifts and Construction Equipment,2015-02-26T22:10:00Z,2015-06-10T21:11:00Z,http://procurement.atlantaga.gov/8079-ap/
8084-AP The Solicitation of Tenders for the Immediate Sale of Forty-Five (45) Certificates of Public Necessity and Convenience,2015-02-26T21:56:00Z,2015-05-07T21:09:00Z,http://procurement.atlantaga.gov/8084-ap-the-solicitation-of-tenders-for-the-immediate-sale-of-forty-five-45-certificates-of-public-necessity-and-convenience/
8069-BL Survey Equipment,2015-02-19T19:20:00Z,2015-04-03T13:07:00Z,http://procurement.atlantaga.gov/8069-bl-survey-equipment/
"FC-7963 Installation, Removal and Repair of Traffic Signals",2015-02-17T17:43:00Z,2015-03-12T21:05:00Z,http://procurement.atlantaga.gov/fc-7963-installation-removal-and-repair-of-traffic-signals/
8043-BL Citation Books,2015-02-12T21:04:00Z,2015-06-10T21:18:00Z,http://procurement.atlantaga.gov/8043-bl-citation-books/
FC-7970 West Crossover APM-Bag Claim Escalator Wall Modifications at HJAIA,2015-02-11T20:56:00Z,2015-11-18T21:04:00Z,http://procurement.atlantaga.gov/fc-7970-west-crossover-apm-bag-claim-escalator-wall-modifications-at-hjaia/
FC-7656 Third Party Ambulance Medical Billing Services at Hartsfield-Jackson Atlanta International Airport,2015-02-10T22:27:00Z,2015-05-04T19:42:00Z,http://procurement.atlantaga.gov/fc-7656-third-party-ambulance-medical-billing-services-hartsfield-jackson-atlanta-international-airport/
FC-7746 R.M. Clayton Biosolids Removal and Sustainable Beneficial Reuse,2015-02-05T20:59:00Z,2015-11-10T13:20:00Z,http://procurement.atlantaga.gov/fc-7746-r-m-clayton-biosolids-removal-and-sustainable-beneficial-reuse/
"8051-AP Hydraulic Cylinder Components and Pump Repairs, Hose, Fabrication Parts and Services",2015-02-05T17:05:00Z,2015-04-06T15:08:00Z,http://procurement.atlantaga.gov/8051-ap-hydraulic-cylinder-components-and-pump-repairs-hose-fabrication-parts-and-services/
FC-7863 Ground Transportation Taxi Overflow Operation,2015-02-04T16:29:00Z,2015-04-02T20:13:00Z,http://procurement.atlantaga.gov/fc-7863-ground-transportation-taxi-overflow-operation/
FC-7893 Downtown Traffic Operations Program (DTOP),2015-02-03T15:53:00Z,2015-03-12T21:06:00Z,http://procurement.atlantaga.gov/fc-7893-downtown-traffic-operations-program-dtop/
FC-7693 Citywide Fire and Burglar Alarm Services,2015-01-30T20:30:00Z,2015-05-04T19:33:00Z,http://procurement.atlantaga.gov/fc-7693-citywide-fire-and-burglar-alarm-services/
FC-7888 Construction Manager At Risk For The Water Supply Program – Phase I,2015-01-23T16:36:00Z,2015-05-28T14:31:00Z,http://procurement.atlantaga.gov/fc-7888-construction-manager-at-risk-for-the-water-supply-program-phase-i/
7817-MT Automotive and Jell Cell Batteries,2015-01-23T15:53:00Z,2015-04-06T15:34:00Z,http://procurement.atlantaga.gov/7817-mt-automotive-and-jell-cell-batteries/
FC-7940 Recyclables Processing Services,2015-01-15T16:53:00Z,2015-04-10T16:45:00Z,http://procurement.atlantaga.gov/fc-7940-recyclables-processing-services/
FC-7805 Security Access Control System Operation and Maintenance Services at HJAIA,2015-01-12T21:35:00Z,2015-05-04T19:34:00Z,http://procurement.atlantaga.gov/fc-7805-security-access-control-system-operation-and-maintenance-services-at-hjaia/
7979-MT “C” Rock Salt Initiative,2015-01-12T21:32:00Z,2015-04-06T15:39:00Z,http://procurement.atlantaga.gov/7979-mt-c-rock-salt-initiative/
7952-MT Big Belly Solar Compactor,2015-01-12T21:31:00Z,2015-04-06T15:40:00Z,http://procurement.atlantaga.gov/7952-mt-big-belly-solar-compactor/
"7876-AP Tires, Retread and Repair Services",2015-01-12T21:29:00Z,2015-04-06T15:41:00Z,http://procurement.atlantaga.gov/7876-ap-tires-retread-and-repair-services/
"7879-AP Repair Parts and Service for Fire Apparatus Pumper Trucks, Aerial Trucks, AARF Vehicles, Ambulances, Hazmat Units, Command Units and GSAR Trailer",2015-01-12T21:27:00Z,2015-04-06T15:42:00Z,http://procurement.atlantaga.gov/7879-ap-repair-parts-and-service-for-fire-apparatus-pumper-trucks-aerial-trucks-aarf-vehicles-ambulances-hazmat-units-command-units-and-gsar-trailer/
7878-AP Re-manufactured & Rebuild Service for Automobiles & Light Trucks Transmissions,2015-01-12T21:25:00Z,2015-04-06T15:42:00Z,http://procurement.atlantaga.gov/7878-ap-re-manufactured-rebuild-service-for-automobiles-light-trucks-transmissions/
7821-MT Wardrobe Lockers,2015-01-12T21:23:00Z,2015-04-06T15:43:00Z,http://procurement.atlantaga.gov/7821-mt-wardrobe-lockers/
FC-7847 Branded Hamburger Concession- Concourse B at HJAIA,2015-01-12T21:21:00Z,2015-08-07T23:11:00Z,http://procurement.atlantaga.gov/fc-7847-branded-hamburger-concession-concourse-b-at-hjaia/
FC-7846 Branded Coffee Concessions Concourse A at HJAIA,2015-01-12T21:16:00Z,2015-08-07T23:12:00Z,http://procurement.atlantaga.gov/fc-7846-branded-coffee-concessions-concourse-a-at-hjaia/
FC-7845 Branded Hamburger Concessions Concourse A at HJAIA,2015-01-12T21:14:00Z,2015-08-07T23:07:00Z,http://procurement.atlantaga.gov/fc-7845-branded-hamburger-concessions-concourse-a-at-hjaia/
FC-7907 Annual Contract for Small Water Meters Installation,2015-01-12T21:12:00Z,2015-01-14T21:39:00Z,http://procurement.atlantaga.gov/fc-7907-annual-contract-for-small-water-meters-installation/
AATC-2015-001 Concourse E Roof Replacement and Skylights Replacement,2015-01-12T21:09:00Z,2015-04-02T20:49:00Z,http://procurement.atlantaga.gov/aatc-2015-001-concourse-e-roof-replacement-and-skylights-replacement/
FC-7911 Air Cargo Building C-2013,2015-01-12T21:04:00Z,2015-08-21T16:02:00Z,http://procurement.atlantaga.gov/fc-7911-air-cargo-building-c-2013/
FC-7884 Hemphill Reservoir #1 Embankment Repair,2015-01-12T21:01:00Z,2015-08-28T18:20:00Z,http://procurement.atlantaga.gov/fc-7884-hemphill-reservoir-1-embankment-repair/
FC-7936 Employee Benefits,2015-01-12T20:56:00Z,2016-09-26T13:47:00Z,http://procurement.atlantaga.gov/fc-7936-employee-benefits/
"FC-7919 Hotel, Travel, Plaza and Mix-Use Development at HJAIA (RFQ)",2014-12-24T13:43:00Z,2015-05-13T16:44:00Z,http://procurement.atlantaga.gov/fc-7919-hotel-travel-plaza-and-mixed-use-development-rfq/
FC-7839 Citywide Asbestos Abatement Services,2014-12-19T19:39:00Z,2015-03-12T21:08:00Z,http://procurement.atlantaga.gov/fc-7839-citywide-asbestos-abatement-services/
FC-7897 Annual Contract for Fleet Maintenance and Repair Services,2014-12-18T21:50:00Z,2015-03-12T21:09:00Z,http://procurement.atlantaga.gov/fc-annual-contract-for-fleet-maintenance-and-repair-services/
"7875-AP Hydraulic Cylinder Components, and Pumps Repairs, Hose, Fabrication Parts and Services",2014-12-18T15:51:00Z,2015-04-06T15:43:00Z,http://procurement.atlantaga.gov/7875-ap-hydraulic-cylinder-components-and-pumps-repairs-hose-fabrication-parts-and-services/
FC-7880 Temporary Staffing Services,2014-12-12T20:08:00Z,2015-08-04T20:32:00Z,http://procurement.atlantaga.gov/fc-7880-temporary-staffing-services/
7898-MT Hydraulic Sewer Cleaning Hose,2014-12-11T15:03:00Z,2015-04-06T15:44:00Z,http://procurement.atlantaga.gov/7898-mt-hydraulic-sewer-cleaning-hose/
FC-7595 Pre-Employment Background Screening Services,2014-12-10T19:54:00Z,2016-04-20T20:06:00Z,http://procurement.atlantaga.gov/fc-7595-pre-employment-background-screening-services-3/
FC-7598 Randall Hall Sewer Improvement Project,2014-12-09T22:02:00Z,2015-05-11T16:04:00Z,http://procurement.atlantaga.gov/fc-7598-randall-hall-sewer-improvement-project/
7916-PL Fill Dirt,2014-12-05T16:45:00Z,2015-04-06T15:45:00Z,http://procurement.atlantaga.gov/7916-pl-fill-dirt/
FC-7611 Citywide Pest Control Services,2014-12-05T14:26:00Z,2015-05-19T21:45:00Z,http://procurement.atlantaga.gov/fc-7611-citywide-pest-control-services/
FC-7791 Annual Contract For Water Facilites Installations,2014-12-04T14:45:00Z,2015-08-20T17:01:00Z,http://procurement.atlantaga.gov/fc-7791-annual-contract-for-water-facilites-installations/
7890-PD Signage for the City of Atlanta Department of Parks and Recreation,2014-11-26T19:10:00Z,2015-04-06T15:45:00Z,http://procurement.atlantaga.gov/7890-pd-signage-for-the-city-of-atlanta-department-of-parks-and-recreation/
FC-7725 Development of Standard Operating Procedures and Training,2014-11-26T14:39:00Z,2015-06-08T21:44:00Z,http://procurement.atlantaga.gov/fc-7725-development-of-standard-operating-procedures-and-training/
FC-7467 West Crossover Improvements at HJAIA,2014-11-25T20:36:00Z,2015-05-04T19:34:00Z,http://procurement.atlantaga.gov/fc-7467-west-crossover-improvements-at-hjaia/
FC-7484 Ground Transportation Terminal-To-Terminal Shuttle Services,2014-11-25T20:08:00Z,2014-12-10T16:35:00Z,http://procurement.atlantaga.gov/fc-7484-ground-transportation-terminal-to-terminal-shuttle-services/
FC-7885 New Marketing and Partnership Opportunities,2014-11-25T20:06:00Z,2016-04-20T20:07:00Z,http://procurement.atlantaga.gov/fc-7885-new-marketing-and-partnership-opportunities/
AATC Project No. 2014-003,2014-11-25T19:19:00Z,2014-12-10T16:40:00Z,http://procurement.atlantaga.gov/aatc-project-number-2014-003/
FC-5955 Health Care Services,2014-11-25T18:59:00Z,2015-04-23T15:14:00Z,http://procurement.atlantaga.gov/fc-5955-health-care-services/
FC-7489 Relocation of Airport Escort Gates,2014-11-25T18:33:00Z,2015-04-03T12:52:00Z,http://procurement.atlantaga.gov/fc-7489-relocation-of-airport-escort-gates/
FC-7587 Airfield Maintenance and Repair Contractors at HJAIA,2014-11-25T17:11:00Z,2015-04-02T21:17:00Z,http://procurement.atlantaga.gov/fc-7587-airfield-maintenance-and-repair-contractors-at-hjaia/
FC-6347 Sleep Units on Concourses E and F,2014-11-25T16:07:00Z,2015-04-03T12:54:00Z,http://procurement.atlantaga.gov/fc-6347-sleep-units-on-concourses-e-and-f/
FC-7255 Demolition of City South Hangar – West Ancillary Buildings,2014-11-25T16:00:00Z,2014-11-25T16:00:00Z,http://procurement.atlantaga.gov/fc-7255-demolition-of-city-south-hangar-west-ancillary-buildings/
14RFP060782K-DJ (FC-7419) Operation and Maintenance Services for the Atlanta-Fulton County Water Treatment Facility,2014-11-25T15:56:00Z,2014-12-10T20:27:00Z,http://procurement.atlantaga.gov/14rfp060782k-dj-fc-7419/
FC-7269 Rental Car Center Operation and Maintenance at HJAIA,2014-11-25T15:52:00Z,2015-04-02T21:30:00Z,http://procurement.atlantaga.gov/fc-7269-rental-car-center-operation-and-maintenance-at-hjaia/
FC-6203 Commercial Advertising at HJAIA,2014-11-25T15:45:00Z,2015-04-23T15:14:00Z,http://procurement.atlantaga.gov/fc-6203-commercial-advertising-at-hjaia/
FC-7105 Parking Operations Management Services at HJAIA,2014-11-25T15:36:00Z,2015-04-23T15:15:00Z,http://procurement.atlantaga.gov/fc-7105-parking-operations-management-services-at-hjaia/
FC-7472 Explosive Detection System Recapitalization and Optimization,2014-11-25T15:23:00Z,2015-04-02T21:22:00Z,http://procurement.atlantaga.gov/fc-7472-explosive-detection-system-recapitalization-and-optimization/
"FC-7252 Construction of Sidewalks, Driveways, Curbs and Gutters",2014-11-25T15:03:00Z,2014-12-10T20:33:00Z,http://procurement.atlantaga.gov/fc-7252-construction-of-sidewalks-driveways-curbs-gutters-2/
"FC-7486 RM Clayton WRC, Dewatering Centrifuge Control Replacement",2014-11-25T14:09:00Z,2014-12-10T20:36:00Z,http://procurement.atlantaga.gov/fc-7486-rm-clayton-wrc-dewatering-centrifuge-control-replacement/
"FC-7383 Architectural, Engineering and Design Services",2014-11-24T21:49:00Z,2015-08-28T18:18:00Z,http://procurement.atlantaga.gov/fc-7383-architectural-engineering-and-design-services/
FC-7581 Brownfields Assessment,2014-11-24T20:37:00Z,2014-12-12T22:27:00Z,http://procurement.atlantaga.gov/fc-7581-brownfields-assessment-2/
AATC 2014-005 Main Terminal Exterior Cleaning and Recaulking,2014-11-24T19:48:00Z,2014-12-10T20:45:00Z,http://procurement.atlantaga.gov/aatc-project-no-2014-005/
AATC 2014-004 Domestic Terminal Georgia Power Vault Project,2014-11-24T18:11:00Z,2014-12-10T20:48:00Z,http://procurement.atlantaga.gov/aatc-2014-004-domestic-terminal-georgia-power-vault-project/
AATC 2014-006 Vertical Transportation Phase 3- Elevator Modernization Project,2014-11-24T17:55:00Z,2014-12-10T20:52:00Z,http://procurement.atlantaga.gov/aatc-itb-2014-006/
FC-7500 Hair Salon and Barbershop Service,2014-11-24T17:35:00Z,2015-04-23T15:15:00Z,http://procurement.atlantaga.gov/fc-7500-hair-salon-and-barbershop-service/
FC-7757 Airfield Repairs 2015,2014-11-24T16:13:00Z,2015-04-02T21:09:00Z,http://procurement.atlantaga.gov/fc-7757-airfield-repairs-2015/
7891-MT Ferrous and Non-Ferrous Removal of Scrap Metal,2014-11-21T21:15:00Z,2015-04-06T15:46:00Z,http://procurement.atlantaga.gov/7891-mt-ferrous-and-non-ferrous-removal-of-scrap-metal/
7918-MT “C” Rock Salt,2014-11-21T21:01:00Z,2015-04-06T15:44:00Z,http://procurement.atlantaga.gov/7918-mt-c-rock-salt/
7835-AP Airport Paint Striping Trucks,2014-11-21T20:13:00Z,2015-04-06T15:14:00Z,http://procurement.atlantaga.gov/7835-ap/
FC-7655 Raw Water Transmission Mains: Phase 1 Renewal,2014-11-20T16:15:00Z,2015-03-10T14:56:00Z,http://procurement.atlantaga.gov/fc-7655-raw-water-transmission-mains-phase-1-renewal-2/
FC-7745 Landfill Post Closure Care and Operation & Maintenance Services,2014-11-20T16:06:00Z,2014-12-29T21:26:00Z,http://procurement.atlantaga.gov/fc-7745-landfill-post-closure-care-and-operation-maintenance-services-2/
FC-7850 Bicycle Improvement Project,2014-11-20T15:54:00Z,2014-12-10T21:08:00Z,http://procurement.atlantaga.gov/fc-7850-bicycle-improvement-project-2/
7865-MT Mobile Refuse Container,2014-11-20T15:39:00Z,2015-04-06T15:47:00Z,http://procurement.atlantaga.gov/7865-mt-mobile-refuse-container/
7860-MT Reflective & Non-Reflective Hi-Intensity Sheeting,2014-11-20T15:36:00Z,2015-04-06T15:14:00Z,http://procurement.atlantaga.gov/7860-mt-reflective-non-reflective-hi-intensity-sheeting/
7862-PL Traffic Signal Heads And Mounting Hardware,2014-11-20T15:32:00Z,2015-04-06T15:48:00Z,http://procurement.atlantaga.gov/7862-pl-traffic-signal-heads-and-mounting-hardware/
7861-PL Water Service And Rental,2014-11-20T15:29:00Z,2015-04-06T15:48:00Z,http://procurement.atlantaga.gov/7861-pl-water-service-and-rental/
FC-7696 Commercial Advertising,2014-11-20T15:08:00Z,2016-06-02T16:03:00Z,http://procurement.atlantaga.gov/fc-7696-commercial-advertising/
FC-7744 Program Management Support Services At HJAIA,2014-11-20T14:57:00Z,2015-07-06T20:15:00Z,http://procurement.atlantaga.gov/fc-7744-program-management-support-services-at-hjaia/
FC-7784 Document Control Scanning Services At HJAIA,2014-11-20T14:48:00Z,2015-08-21T16:02:00Z,http://procurement.atlantaga.gov/fc-7784-document-control-scanning-services-at-hjaia/
FC-7009 Cargo Air Development Consulting Services At HJAIA,2014-11-20T14:38:00Z,2015-04-23T18:55:00Z,http://procurement.atlantaga.gov/fc-7009-cargo-air-development-consulting-services-at-hjaia/
FC-6991 Passenger Air Service Development Consulting Services At HJAIA,2014-11-20T14:28:00Z,2014-12-24T14:09:00Z,http://procurement.atlantaga.gov/fc-6991-passenger-air-service-development-consulting-services-at-hjaia-2/
FC-7769 Bicycle Improvement Project,2014-11-09T22:37:00Z,2014-12-10T21:15:00Z,http://procurement.atlantaga.gov/fc-7769-bicycle-improvement-project-3/
7834-BL Pull Machine Accessories & Bucket Flippers,2014-11-05T22:25:00Z,2015-04-06T15:49:00Z,http://procurement.atlantaga.gov/7834-bl-pull-machine-accessories-bucket-flippers/
7841-AP Radio Frequency Identification Device Installations,2014-11-05T22:21:00Z,2015-04-06T15:50:00Z,http://procurement.atlantaga.gov/7841-ap-radio-frequency-identification-device-installations/
7830-AP All-Terrain “ATV” Vehicle,2014-11-05T22:16:00Z,2015-04-06T15:50:00Z,http://procurement.atlantaga.gov/7830-ap-all-terrain-atv-vehicle/
7798-PL Dress Hats for the Atlanta Fire and Rescue Department,2014-11-05T22:13:00Z,2015-04-06T15:51:00Z,http://procurement.atlantaga.gov/7798-pl-dress-hats-for-the-atlanta-fire-and-rescue-department/
7713-AP CNG Powered Rear Loader Refuse Truck,2014-11-05T22:09:00Z,2015-04-06T15:52:00Z,http://procurement.atlantaga.gov/7713-ap-cng-powered-rear-loader-refuse-truck/
FC-7704 Lot Boundary Conversion and Street Centerline Enhancement,2014-11-05T22:03:00Z,2014-12-10T21:24:00Z,http://procurement.atlantaga.gov/fc-7704-lot-boundary-conversion-and-street-centerline-enhancement/
